,name,yearmin,part_num,decade,5year
0,"Bars, Ladders and Fences",1967,3,1960,1965
1,"Bars, Ladders and Fences",1968,4,1960,1965
2,"Bars, Ladders and Fences",1969,3,1960,1965
3,"Bars, Ladders and Fences",1971,2,1970,1970
4,"Bars, Ladders and Fences",1972,1,1970,1970
5,"Bars, Ladders and Fences",1976,1,1970,1975
6,"Bars, Ladders and Fences",1979,4,1970,1975
7,"Bars, Ladders and Fences",1980,3,1980,1980
8,"Bars, Ladders and Fences",1981,1,1980,1980
9,"Bars, Ladders and Fences",1983,1,1980,1980
10,"Bars, Ladders and Fences",1985,7,1980,1985
11,"Bars, Ladders and Fences",1986,3,1980,1985
12,"Bars, Ladders and Fences",1987,3,1980,1985
13,"Bars, Ladders and Fences",1988,1,1980,1985
14,"Bars, Ladders and Fences",1989,1,1980,1985
15,"Bars, Ladders and Fences",1990,2,1990,1990
16,"Bars, Ladders and Fences",1992,4,1990,1990
17,"Bars, Ladders and Fences",1994,4,1990,1990
18,"Bars, Ladders and Fences",1995,1,1990,1995
19,"Bars, Ladders and Fences",1996,5,1990,1995
20,"Bars, Ladders and Fences",1997,3,1990,1995
21,"Bars, Ladders and Fences",1999,3,1990,1995
22,"Bars, Ladders and Fences",2000,1,2000,2000
23,"Bars, Ladders and Fences",2001,4,2000,2000
24,"Bars, Ladders and Fences",2002,3,2000,2000
25,"Bars, Ladders and Fences",2004,4,2000,2000
26,"Bars, Ladders and Fences",2007,3,2000,2005
27,"Bars, Ladders and Fences",2008,5,2000,2005
28,"Bars, Ladders and Fences",2009,1,2000,2005
29,"Bars, Ladders and Fences",2010,4,2010,2010
30,"Bars, Ladders and Fences",2011,4,2010,2010
31,"Bars, Ladders and Fences",2012,4,2010,2010
32,"Bars, Ladders and Fences",2013,3,2010,2010
33,"Bars, Ladders and Fences",2014,1,2010,2010
34,"Bars, Ladders and Fences",2015,2,2010,2015
35,"Bars, Ladders and Fences",2016,5,2010,2015
36,"Bars, Ladders and Fences",2017,3,2010,2015
37,"Bars, Ladders and Fences",2018,2,2010,2015
38,"Bars, Ladders and Fences",2019,1,2010,2015
39,"Bars, Ladders and Fences",2020,3,2020,2020
40,"Bars, Ladders and Fences",2021,3,2020,2020
41,"Bars, Ladders and Fences",2022,1,2020,2020
42,"Bars, Ladders and Fences",2023,5,2020,2020
43,Baseplates,1955,1,1950,1955
44,Baseplates,1963,1,1960,1960
45,Baseplates,1964,1,1960,1960
46,Baseplates,1967,5,1960,1965
47,Baseplates,1968,3,1960,1965
48,Baseplates,1969,4,1960,1965
49,Baseplates,1970,1,1970,1970
50,Baseplates,1971,9,1970,1970
51,Baseplates,1972,6,1970,1970
52,Baseplates,1973,3,1970,1970
53,Baseplates,1974,5,1970,1970
54,Baseplates,1975,3,1970,1975
55,Baseplates,1976,4,1970,1975
56,Baseplates,1977,3,1970,1975
57,Baseplates,1978,10,1970,1975
58,Baseplates,1979,4,1970,1975
59,Baseplates,1980,3,1980,1980
60,Baseplates,1981,5,1980,1980
61,Baseplates,1982,1,1980,1980
62,Baseplates,1983,5,1980,1980
63,Baseplates,1984,1,1980,1980
64,Baseplates,1985,4,1980,1985
65,Baseplates,1986,6,1980,1985
66,Baseplates,1987,4,1980,1985
67,Baseplates,1989,3,1980,1985
68,Baseplates,1990,10,1990,1990
69,Baseplates,1991,7,1990,1990
70,Baseplates,1992,4,1990,1990
71,Baseplates,1993,3,1990,1990
72,Baseplates,1994,5,1990,1990
73,Baseplates,1995,4,1990,1995
74,Baseplates,1996,5,1990,1995
75,Baseplates,1997,6,1990,1995
76,Baseplates,1998,11,1990,1995
77,Baseplates,1999,6,1990,1995
78,Baseplates,2000,12,2000,2000
79,Baseplates,2001,2,2000,2000
80,Baseplates,2002,9,2000,2000
81,Baseplates,2003,9,2000,2000
82,Baseplates,2004,6,2000,2000
83,Baseplates,2005,6,2000,2005
84,Baseplates,2006,2,2000,2005
85,Baseplates,2007,4,2000,2005
86,Baseplates,2008,1,2000,2005
87,Baseplates,2009,1,2000,2005
88,Baseplates,2012,1,2010,2010
89,Baseplates,2017,10,2010,2015
90,Baseplates,2018,6,2010,2015
91,"Belville, Scala and Fabuland",1979,23,1970,1975
92,"Belville, Scala and Fabuland",1980,12,1980,1980
93,"Belville, Scala and Fabuland",1981,3,1980,1980
94,"Belville, Scala and Fabuland",1982,22,1980,1980
95,"Belville, Scala and Fabuland",1983,7,1980,1980
96,"Belville, Scala and Fabuland",1984,11,1980,1980
97,"Belville, Scala and Fabuland",1985,10,1980,1985
98,"Belville, Scala and Fabuland",1986,4,1980,1985
99,"Belville, Scala and Fabuland",1987,8,1980,1985
100,"Belville, Scala and Fabuland",1988,8,1980,1985
101,"Belville, Scala and Fabuland",1994,26,1990,1990
102,"Belville, Scala and Fabuland",1995,1,1990,1995
103,"Belville, Scala and Fabuland",1996,13,1990,1995
104,"Belville, Scala and Fabuland",1997,170,1990,1995
105,"Belville, Scala and Fabuland",1998,66,1990,1995
106,"Belville, Scala and Fabuland",1999,72,1990,1995
107,"Belville, Scala and Fabuland",2000,78,2000,2000
108,"Belville, Scala and Fabuland",2001,30,2000,2000
109,"Belville, Scala and Fabuland",2002,9,2000,2000
110,"Belville, Scala and Fabuland",2003,25,2000,2000
111,"Belville, Scala and Fabuland",2004,16,2000,2000
112,"Belville, Scala and Fabuland",2005,12,2000,2005
113,"Belville, Scala and Fabuland",2006,6,2000,2005
114,"Belville, Scala and Fabuland",2007,8,2000,2005
115,"Belville, Scala and Fabuland",2008,7,2000,2005
116,Bricks,1949,4,1940,1945
117,Bricks,1953,4,1950,1950
118,Bricks,1954,13,1950,1950
119,Bricks,1955,27,1950,1955
120,Bricks,1956,5,1950,1955
121,Bricks,1957,21,1950,1955
122,Bricks,1958,104,1950,1955
123,Bricks,1959,1,1950,1955
124,Bricks,1960,10,1960,1960
125,Bricks,1963,4,1960,1960
126,Bricks,1965,160,1960,1965
127,Bricks,1966,38,1960,1965
128,Bricks,1967,10,1960,1965
129,Bricks,1968,6,1960,1965
130,Bricks,1969,69,1960,1965
131,Bricks,1970,9,1970,1970
132,Bricks,1971,16,1970,1970
133,Bricks,1972,9,1970,1970
134,Bricks,1973,4,1970,1970
135,Bricks,1974,1,1970,1970
136,Bricks,1975,2,1970,1975
137,Bricks,1976,7,1970,1975
138,Bricks,1977,3,1970,1975
139,Bricks,1978,9,1970,1975
140,Bricks,1979,15,1970,1975
141,Bricks,1980,3,1980,1980
142,Bricks,1981,12,1980,1980
143,Bricks,1982,3,1980,1980
144,Bricks,1984,3,1980,1980
145,Bricks,1985,15,1980,1985
146,Bricks,1986,12,1980,1985
147,Bricks,1987,12,1980,1985
148,Bricks,1988,12,1980,1985
149,Bricks,1989,2,1980,1985
150,Bricks,1990,3,1990,1990
151,Bricks,1991,1,1990,1990
152,Bricks,1992,2,1990,1990
153,Bricks,1993,4,1990,1990
154,Bricks,1994,1,1990,1990
155,Bricks,1995,18,1990,1995
156,Bricks,1996,3,1990,1995
157,Bricks,1997,21,1990,1995
158,Bricks,1998,31,1990,1995
159,Bricks,1999,15,1990,1995
160,Bricks,2000,13,2000,2000
161,Bricks,2001,12,2000,2000
162,Bricks,2002,13,2000,2000
163,Bricks,2003,8,2000,2000
164,Bricks,2004,4,2000,2000
165,Bricks,2005,3,2000,2005
166,Bricks,2006,4,2000,2005
167,Bricks,2007,6,2000,2005
168,Bricks,2008,6,2000,2005
169,Bricks,2009,34,2000,2005
170,Bricks,2010,17,2010,2010
171,Bricks,2011,66,2010,2010
172,Bricks,2012,16,2010,2010
173,Bricks,2013,21,2010,2010
174,Bricks,2014,17,2010,2010
175,Bricks,2015,16,2010,2015
176,Bricks,2016,33,2010,2015
177,Bricks,2017,45,2010,2015
178,Bricks,2018,98,2010,2015
179,Bricks,2019,69,2010,2015
180,Bricks,2020,49,2020,2020
181,Bricks,2021,40,2020,2020
182,Bricks,2022,46,2020,2020
183,Bricks,2023,40,2020,2020
184,Bricks Curved,1970,1,1970,1970
185,Bricks Curved,1971,2,1970,1970
186,Bricks Curved,1972,1,1970,1970
187,Bricks Curved,1973,1,1970,1970
188,Bricks Curved,1976,1,1970,1975
189,Bricks Curved,1980,1,1980,1980
190,Bricks Curved,1981,1,1980,1980
191,Bricks Curved,1983,2,1980,1980
192,Bricks Curved,1984,1,1980,1980
193,Bricks Curved,1985,2,1980,1985
194,Bricks Curved,1986,2,1980,1985
195,Bricks Curved,1989,1,1980,1985
196,Bricks Curved,1990,1,1990,1990
197,Bricks Curved,1992,7,1990,1990
198,Bricks Curved,1993,12,1990,1990
199,Bricks Curved,1994,11,1990,1990
200,Bricks Curved,1995,16,1990,1995
201,Bricks Curved,1997,11,1990,1995
202,Bricks Curved,1998,6,1990,1995
203,Bricks Curved,1999,10,1990,1995
204,Bricks Curved,2000,8,2000,2000
205,Bricks Curved,2001,20,2000,2000
206,Bricks Curved,2002,26,2000,2000
207,Bricks Curved,2003,23,2000,2000
208,Bricks Curved,2004,16,2000,2000
209,Bricks Curved,2005,6,2000,2005
210,Bricks Curved,2006,2,2000,2005
211,Bricks Curved,2007,1,2000,2005
212,Bricks Curved,2008,4,2000,2005
213,Bricks Curved,2009,4,2000,2005
214,Bricks Curved,2010,1,2010,2010
215,Bricks Curved,2011,15,2010,2010
216,Bricks Curved,2012,4,2010,2010
217,Bricks Curved,2013,5,2010,2010
218,Bricks Curved,2014,23,2010,2010
219,Bricks Curved,2015,9,2010,2015
220,Bricks Curved,2016,17,2010,2015
221,Bricks Curved,2017,40,2010,2015
222,Bricks Curved,2018,37,2010,2015
223,Bricks Curved,2019,31,2010,2015
224,Bricks Curved,2020,35,2020,2020
225,Bricks Curved,2021,42,2020,2020
226,Bricks Curved,2022,65,2020,2020
227,Bricks Curved,2023,41,2020,2020
228,Bricks Round and Cones,1955,6,1950,1955
229,Bricks Round and Cones,1964,1,1960,1960
230,Bricks Round and Cones,1973,1,1970,1970
231,Bricks Round and Cones,1978,1,1970,1975
232,Bricks Round and Cones,1979,3,1970,1975
233,Bricks Round and Cones,1980,1,1980,1980
234,Bricks Round and Cones,1983,1,1980,1980
235,Bricks Round and Cones,1984,2,1980,1980
236,Bricks Round and Cones,1985,4,1980,1985
237,Bricks Round and Cones,1986,2,1980,1985
238,Bricks Round and Cones,1990,2,1990,1990
239,Bricks Round and Cones,1993,1,1990,1990
240,Bricks Round and Cones,1994,2,1990,1990
241,Bricks Round and Cones,1995,6,1990,1995
242,Bricks Round and Cones,1998,4,1990,1995
243,Bricks Round and Cones,1999,4,1990,1995
244,Bricks Round and Cones,2000,3,2000,2000
245,Bricks Round and Cones,2002,5,2000,2000
246,Bricks Round and Cones,2003,4,2000,2000
247,Bricks Round and Cones,2004,7,2000,2000
248,Bricks Round and Cones,2005,1,2000,2005
249,Bricks Round and Cones,2006,3,2000,2005
250,Bricks Round and Cones,2007,5,2000,2005
251,Bricks Round and Cones,2008,2,2000,2005
252,Bricks Round and Cones,2009,8,2000,2005
253,Bricks Round and Cones,2010,8,2010,2010
254,Bricks Round and Cones,2011,14,2010,2010
255,Bricks Round and Cones,2012,11,2010,2010
256,Bricks Round and Cones,2013,10,2010,2010
257,Bricks Round and Cones,2014,4,2010,2010
258,Bricks Round and Cones,2015,7,2010,2015
259,Bricks Round and Cones,2016,9,2010,2015
260,Bricks Round and Cones,2017,15,2010,2015
261,Bricks Round and Cones,2018,9,2010,2015
262,Bricks Round and Cones,2019,34,2010,2015
263,Bricks Round and Cones,2020,28,2020,2020
264,Bricks Round and Cones,2021,12,2020,2020
265,Bricks Round and Cones,2022,22,2020,2020
266,Bricks Round and Cones,2023,10,2020,2020
267,Bricks Sloped,1957,5,1950,1955
268,Bricks Sloped,1958,4,1950,1955
269,Bricks Sloped,1959,4,1950,1955
270,Bricks Sloped,1969,1,1960,1965
271,Bricks Sloped,1970,3,1970,1970
272,Bricks Sloped,1971,4,1970,1970
273,Bricks Sloped,1973,1,1970,1970
274,Bricks Sloped,1975,1,1970,1975
275,Bricks Sloped,1976,3,1970,1975
276,Bricks Sloped,1977,2,1970,1975
277,Bricks Sloped,1978,5,1970,1975
278,Bricks Sloped,1979,7,1970,1975
279,Bricks Sloped,1980,5,1980,1980
280,Bricks Sloped,1981,3,1980,1980
281,Bricks Sloped,1982,3,1980,1980
282,Bricks Sloped,1983,6,1980,1980
283,Bricks Sloped,1984,5,1980,1980
284,Bricks Sloped,1985,12,1980,1985
285,Bricks Sloped,1986,4,1980,1985
286,Bricks Sloped,1987,6,1980,1985
287,Bricks Sloped,1988,3,1980,1985
288,Bricks Sloped,1989,2,1980,1985
289,Bricks Sloped,1990,3,1990,1990
290,Bricks Sloped,1991,1,1990,1990
291,Bricks Sloped,1992,5,1990,1990
292,Bricks Sloped,1993,4,1990,1990
293,Bricks Sloped,1994,7,1990,1990
294,Bricks Sloped,1995,14,1990,1995
295,Bricks Sloped,1996,22,1990,1995
296,Bricks Sloped,1997,17,1990,1995
297,Bricks Sloped,1998,32,1990,1995
298,Bricks Sloped,1999,30,1990,1995
299,Bricks Sloped,2000,8,2000,2000
300,Bricks Sloped,2001,27,2000,2000
301,Bricks Sloped,2002,17,2000,2000
302,Bricks Sloped,2003,21,2000,2000
303,Bricks Sloped,2004,9,2000,2000
304,Bricks Sloped,2005,7,2000,2005
305,Bricks Sloped,2006,3,2000,2005
306,Bricks Sloped,2007,6,2000,2005
307,Bricks Sloped,2008,3,2000,2005
308,Bricks Sloped,2009,3,2000,2005
309,Bricks Sloped,2010,4,2010,2010
310,Bricks Sloped,2011,12,2010,2010
311,Bricks Sloped,2012,4,2010,2010
312,Bricks Sloped,2013,3,2010,2010
313,Bricks Sloped,2014,2,2010,2010
314,Bricks Sloped,2015,4,2010,2015
315,Bricks Sloped,2016,9,2010,2015
316,Bricks Sloped,2017,18,2010,2015
317,Bricks Sloped,2018,10,2010,2015
318,Bricks Sloped,2019,11,2010,2015
319,Bricks Sloped,2020,11,2020,2020
320,Bricks Sloped,2021,20,2020,2020
321,Bricks Sloped,2022,14,2020,2020
322,Bricks Sloped,2023,6,2020,2020
323,Bricks Special,1957,1,1950,1955
324,Bricks Special,1970,1,1970,1970
325,Bricks Special,1973,1,1970,1970
326,Bricks Special,1975,1,1970,1975
327,Bricks Special,1980,2,1980,1980
328,Bricks Special,1981,2,1980,1980
329,Bricks Special,1985,5,1980,1985
330,Bricks Special,1986,3,1980,1985
331,Bricks Special,1987,2,1980,1985
332,Bricks Special,1988,1,1980,1985
333,Bricks Special,1990,5,1990,1990
334,Bricks Special,1991,4,1990,1990
335,Bricks Special,1992,2,1990,1990
336,Bricks Special,1994,1,1990,1990
337,Bricks Special,1995,8,1990,1995
338,Bricks Special,1996,2,1990,1995
339,Bricks Special,1999,3,1990,1995
340,Bricks Special,2000,5,2000,2000
341,Bricks Special,2001,20,2000,2000
342,Bricks Special,2003,2,2000,2000
343,Bricks Special,2004,9,2000,2000
344,Bricks Special,2005,4,2000,2005
345,Bricks Special,2008,2,2000,2005
346,Bricks Special,2009,3,2000,2005
347,Bricks Special,2010,4,2010,2010
348,Bricks Special,2011,1,2010,2010
349,Bricks Special,2012,3,2010,2010
350,Bricks Special,2013,1,2010,2010
351,Bricks Special,2014,5,2010,2010
352,Bricks Special,2015,7,2010,2015
353,Bricks Special,2016,4,2010,2015
354,Bricks Special,2017,7,2010,2015
355,Bricks Special,2018,5,2010,2015
356,Bricks Special,2019,6,2010,2015
357,Bricks Special,2020,45,2020,2020
358,Bricks Special,2021,10,2020,2020
359,Bricks Special,2022,13,2020,2020
360,Bricks Special,2023,6,2020,2020
361,Bricks Wedged,1985,3,1980,1985
362,Bricks Wedged,1986,1,1980,1985
363,Bricks Wedged,1987,2,1980,1985
364,Bricks Wedged,1988,1,1980,1985
365,Bricks Wedged,1991,3,1990,1990
366,Bricks Wedged,1992,4,1990,1990
367,Bricks Wedged,1993,1,1990,1990
368,Bricks Wedged,1994,4,1990,1990
369,Bricks Wedged,1995,1,1990,1995
370,Bricks Wedged,1996,3,1990,1995
371,Bricks Wedged,1997,3,1990,1995
372,Bricks Wedged,1998,6,1990,1995
373,Bricks Wedged,1999,6,1990,1995
374,Bricks Wedged,2000,2,2000,2000
375,Bricks Wedged,2001,2,2000,2000
376,Bricks Wedged,2002,39,2000,2000
377,Bricks Wedged,2003,23,2000,2000
378,Bricks Wedged,2004,26,2000,2000
379,Bricks Wedged,2005,8,2000,2005
380,Bricks Wedged,2006,4,2000,2005
381,Bricks Wedged,2007,4,2000,2005
382,Bricks Wedged,2009,4,2000,2005
383,Bricks Wedged,2010,5,2010,2010
384,Bricks Wedged,2011,20,2010,2010
385,Bricks Wedged,2012,17,2010,2010
386,Bricks Wedged,2013,3,2010,2010
387,Bricks Wedged,2014,7,2010,2010
388,Bricks Wedged,2015,4,2010,2015
389,Bricks Wedged,2016,4,2010,2015
390,Bricks Wedged,2017,10,2010,2015
391,Bricks Wedged,2018,7,2010,2015
392,Bricks Wedged,2019,12,2010,2015
393,Bricks Wedged,2020,7,2020,2020
394,Bricks Wedged,2021,8,2020,2020
395,Bricks Wedged,2022,7,2020,2020
396,Bricks Wedged,2023,5,2020,2020
397,Clikits,2003,141,2000,2000
398,Clikits,2004,105,2000,2000
399,Clikits,2005,119,2000,2005
400,Clikits,2006,46,2000,2005
401,Containers,1957,1,1950,1955
402,Containers,1962,1,1960,1960
403,Containers,1971,10,1970,1970
404,Containers,1980,3,1980,1980
405,Containers,1981,4,1980,1980
406,Containers,1982,2,1980,1980
407,Containers,1983,10,1980,1980
408,Containers,1985,3,1980,1985
409,Containers,1987,2,1980,1985
410,Containers,1988,2,1980,1985
411,Containers,1989,1,1980,1985
412,Containers,1990,1,1990,1990
413,Containers,1991,3,1990,1990
414,Containers,1994,6,1990,1990
415,Containers,1996,5,1990,1995
416,Containers,1997,4,1990,1995
417,Containers,1998,7,1990,1995
418,Containers,1999,2,1990,1995
419,Containers,2000,6,2000,2000
420,Containers,2001,4,2000,2000
421,Containers,2002,4,2000,2000
422,Containers,2003,2,2000,2000
423,Containers,2004,6,2000,2000
424,Containers,2005,1,2000,2005
425,Containers,2008,1,2000,2005
426,Containers,2009,3,2000,2005
427,Containers,2011,4,2010,2010
428,Containers,2012,1,2010,2010
429,Containers,2013,2,2010,2010
430,Containers,2014,2,2010,2010
431,Containers,2015,1,2010,2015
432,Containers,2016,3,2010,2015
433,Containers,2017,8,2010,2015
434,Containers,2018,20,2010,2015
435,Containers,2019,11,2010,2015
436,Containers,2020,6,2020,2020
437,Containers,2021,14,2020,2020
438,Containers,2022,5,2020,2020
439,Containers,2023,1,2020,2020
440,"Duplo, Quatro and Primo",1964,1,1960,1960
441,"Duplo, Quatro and Primo",1966,1,1960,1965
442,"Duplo, Quatro and Primo",1972,3,1970,1970
443,"Duplo, Quatro and Primo",1973,1,1970,1970
444,"Duplo, Quatro and Primo",1976,69,1970,1975
445,"Duplo, Quatro and Primo",1980,4,1980,1980
446,"Duplo, Quatro and Primo",1982,5,1980,1980
447,"Duplo, Quatro and Primo",1985,169,1980,1985
448,"Duplo, Quatro and Primo",1986,121,1980,1985
449,"Duplo, Quatro and Primo",1987,145,1980,1985
450,"Duplo, Quatro and Primo",1988,191,1980,1985
451,"Duplo, Quatro and Primo",1989,14,1980,1985
452,"Duplo, Quatro and Primo",1990,29,1990,1990
453,"Duplo, Quatro and Primo",1991,12,1990,1990
454,"Duplo, Quatro and Primo",1992,21,1990,1990
455,"Duplo, Quatro and Primo",1993,30,1990,1990
456,"Duplo, Quatro and Primo",1994,102,1990,1990
457,"Duplo, Quatro and Primo",1995,136,1990,1995
458,"Duplo, Quatro and Primo",1996,11,1990,1995
459,"Duplo, Quatro and Primo",1997,109,1990,1995
460,"Duplo, Quatro and Primo",1998,101,1990,1995
461,"Duplo, Quatro and Primo",1999,83,1990,1995
462,"Duplo, Quatro and Primo",2000,37,2000,2000
463,"Duplo, Quatro and Primo",2001,108,2000,2000
464,"Duplo, Quatro and Primo",2002,67,2000,2000
465,"Duplo, Quatro and Primo",2003,91,2000,2000
466,"Duplo, Quatro and Primo",2004,85,2000,2000
467,"Duplo, Quatro and Primo",2005,64,2000,2005
468,"Duplo, Quatro and Primo",2006,34,2000,2005
469,"Duplo, Quatro and Primo",2007,63,2000,2005
470,"Duplo, Quatro and Primo",2008,43,2000,2005
471,"Duplo, Quatro and Primo",2009,32,2000,2005
472,"Duplo, Quatro and Primo",2010,54,2010,2010
473,"Duplo, Quatro and Primo",2011,48,2010,2010
474,"Duplo, Quatro and Primo",2012,64,2010,2010
475,"Duplo, Quatro and Primo",2013,32,2010,2010
476,"Duplo, Quatro and Primo",2014,73,2010,2010
477,"Duplo, Quatro and Primo",2015,60,2010,2015
478,"Duplo, Quatro and Primo",2016,36,2010,2015
479,"Duplo, Quatro and Primo",2017,116,2010,2015
480,"Duplo, Quatro and Primo",2018,75,2010,2015
481,"Duplo, Quatro and Primo",2019,42,2010,2015
482,"Duplo, Quatro and Primo",2020,65,2020,2020
483,"Duplo, Quatro and Primo",2021,70,2020,2020
484,"Duplo, Quatro and Primo",2022,59,2020,2020
485,"Duplo, Quatro and Primo",2023,118,2020,2020
486,Electronics,1957,2,1950,1955
487,Electronics,1965,2,1960,1965
488,Electronics,1966,5,1960,1965
489,Electronics,1967,2,1960,1965
490,Electronics,1968,6,1960,1965
491,Electronics,1969,22,1960,1965
492,Electronics,1970,6,1970,1970
493,Electronics,1972,3,1970,1970
494,Electronics,1974,5,1970,1970
495,Electronics,1976,6,1970,1975
496,Electronics,1977,7,1970,1975
497,Electronics,1978,2,1970,1975
498,Electronics,1979,2,1970,1975
499,Electronics,1980,24,1980,1980
500,Electronics,1981,4,1980,1980
501,Electronics,1982,3,1980,1980
502,Electronics,1983,5,1980,1980
503,Electronics,1984,1,1980,1980
504,Electronics,1985,5,1980,1985
505,Electronics,1986,14,1980,1985
506,Electronics,1987,5,1980,1985
507,Electronics,1988,4,1980,1985
508,Electronics,1989,7,1980,1985
509,Electronics,1990,7,1990,1990
510,Electronics,1991,12,1990,1990
511,Electronics,1992,8,1990,1990
512,Electronics,1993,5,1990,1990
513,Electronics,1994,1,1990,1990
514,Electronics,1995,8,1990,1995
515,Electronics,1996,5,1990,1995
516,Electronics,1997,5,1990,1995
517,Electronics,1998,17,1990,1995
518,Electronics,1999,9,1990,1995
519,Electronics,2000,5,2000,2000
520,Electronics,2001,6,2000,2000
521,Electronics,2002,16,2000,2000
522,Electronics,2003,9,2000,2000
523,Electronics,2004,8,2000,2000
524,Electronics,2005,2,2000,2005
525,Electronics,2006,28,2000,2005
526,Electronics,2007,10,2000,2005
527,Electronics,2008,14,2000,2005
528,Electronics,2009,8,2000,2005
529,Electronics,2010,10,2010,2010
530,Electronics,2011,4,2010,2010
531,Electronics,2012,2,2010,2010
532,Electronics,2013,12,2010,2010
533,Electronics,2015,33,2010,2015
534,Electronics,2016,37,2010,2015
535,Electronics,2017,17,2010,2015
536,Electronics,2018,4,2010,2015
537,Electronics,2019,5,2010,2015
538,Electronics,2020,14,2020,2020
539,Electronics,2021,6,2020,2020
540,Electronics,2022,1,2020,2020
541,"Flags, Signs, Plastics and Cloth",1955,18,1950,1955
542,"Flags, Signs, Plastics and Cloth",1956,1,1950,1955
543,"Flags, Signs, Plastics and Cloth",1957,6,1950,1955
544,"Flags, Signs, Plastics and Cloth",1958,5,1950,1955
545,"Flags, Signs, Plastics and Cloth",1961,5,1960,1960
546,"Flags, Signs, Plastics and Cloth",1962,8,1960,1960
547,"Flags, Signs, Plastics and Cloth",1963,5,1960,1960
548,"Flags, Signs, Plastics and Cloth",1966,31,1960,1965
549,"Flags, Signs, Plastics and Cloth",1969,10,1960,1965
550,"Flags, Signs, Plastics and Cloth",1970,1,1970,1970
551,"Flags, Signs, Plastics and Cloth",1971,1,1970,1970
552,"Flags, Signs, Plastics and Cloth",1972,7,1970,1970
553,"Flags, Signs, Plastics and Cloth",1973,1,1970,1970
554,"Flags, Signs, Plastics and Cloth",1974,1,1970,1970
555,"Flags, Signs, Plastics and Cloth",1975,1,1970,1975
556,"Flags, Signs, Plastics and Cloth",1976,2,1970,1975
557,"Flags, Signs, Plastics and Cloth",1978,1,1970,1975
558,"Flags, Signs, Plastics and Cloth",1979,2,1970,1975
559,"Flags, Signs, Plastics and Cloth",1980,8,1980,1980
560,"Flags, Signs, Plastics and Cloth",1981,2,1980,1980
561,"Flags, Signs, Plastics and Cloth",1984,1,1980,1980
562,"Flags, Signs, Plastics and Cloth",1985,1,1980,1985
563,"Flags, Signs, Plastics and Cloth",1986,4,1980,1985
564,"Flags, Signs, Plastics and Cloth",1987,1,1980,1985
565,"Flags, Signs, Plastics and Cloth",1988,3,1980,1985
566,"Flags, Signs, Plastics and Cloth",1989,11,1980,1985
567,"Flags, Signs, Plastics and Cloth",1991,4,1990,1990
568,"Flags, Signs, Plastics and Cloth",1992,15,1990,1990
569,"Flags, Signs, Plastics and Cloth",1993,8,1990,1990
570,"Flags, Signs, Plastics and Cloth",1994,3,1990,1990
571,"Flags, Signs, Plastics and Cloth",1995,2,1990,1995
572,"Flags, Signs, Plastics and Cloth",1996,11,1990,1995
573,"Flags, Signs, Plastics and Cloth",1997,11,1990,1995
574,"Flags, Signs, Plastics and Cloth",1998,16,1990,1995
575,"Flags, Signs, Plastics and Cloth",1999,29,1990,1995
576,"Flags, Signs, Plastics and Cloth",2000,5,2000,2000
577,"Flags, Signs, Plastics and Cloth",2001,9,2000,2000
578,"Flags, Signs, Plastics and Cloth",2002,10,2000,2000
579,"Flags, Signs, Plastics and Cloth",2003,16,2000,2000
580,"Flags, Signs, Plastics and Cloth",2004,14,2000,2000
581,"Flags, Signs, Plastics and Cloth",2005,8,2000,2005
582,"Flags, Signs, Plastics and Cloth",2006,13,2000,2005
583,"Flags, Signs, Plastics and Cloth",2007,1,2000,2005
584,"Flags, Signs, Plastics and Cloth",2008,11,2000,2005
585,"Flags, Signs, Plastics and Cloth",2009,10,2000,2005
586,"Flags, Signs, Plastics and Cloth",2010,6,2010,2010
587,"Flags, Signs, Plastics and Cloth",2011,19,2010,2010
588,"Flags, Signs, Plastics and Cloth",2012,5,2010,2010
589,"Flags, Signs, Plastics and Cloth",2013,14,2010,2010
590,"Flags, Signs, Plastics and Cloth",2014,9,2010,2010
591,"Flags, Signs, Plastics and Cloth",2015,34,2010,2015
592,"Flags, Signs, Plastics and Cloth",2016,25,2010,2015
593,"Flags, Signs, Plastics and Cloth",2017,31,2010,2015
594,"Flags, Signs, Plastics and Cloth",2018,38,2010,2015
595,"Flags, Signs, Plastics and Cloth",2019,38,2010,2015
596,"Flags, Signs, Plastics and Cloth",2020,56,2020,2020
597,"Flags, Signs, Plastics and Cloth",2021,51,2020,2020
598,"Flags, Signs, Plastics and Cloth",2022,35,2020,2020
599,"Flags, Signs, Plastics and Cloth",2023,17,2020,2020
600,HO Scale,1955,9,1950,1955
601,HO Scale,1956,7,1950,1955
602,HO Scale,1957,4,1950,1955
603,HO Scale,1958,18,1950,1955
604,HO Scale,1961,12,1960,1960
605,HO Scale,1962,2,1960,1960
606,HO Scale,1963,4,1960,1960
607,HO Scale,1964,10,1960,1960
608,HO Scale,1965,7,1960,1965
609,HO Scale,1966,2,1960,1965
610,"Hinges, Arms and Turntables",1963,2,1960,1960
611,"Hinges, Arms and Turntables",1967,2,1960,1965
612,"Hinges, Arms and Turntables",1968,1,1960,1965
613,"Hinges, Arms and Turntables",1969,2,1960,1965
614,"Hinges, Arms and Turntables",1970,1,1970,1970
615,"Hinges, Arms and Turntables",1971,3,1970,1970
616,"Hinges, Arms and Turntables",1973,1,1970,1970
617,"Hinges, Arms and Turntables",1974,4,1970,1970
618,"Hinges, Arms and Turntables",1976,3,1970,1975
619,"Hinges, Arms and Turntables",1977,4,1970,1975
620,"Hinges, Arms and Turntables",1978,4,1970,1975
621,"Hinges, Arms and Turntables",1979,2,1970,1975
622,"Hinges, Arms and Turntables",1980,1,1980,1980
623,"Hinges, Arms and Turntables",1981,8,1980,1980
624,"Hinges, Arms and Turntables",1982,2,1980,1980
625,"Hinges, Arms and Turntables",1983,3,1980,1980
626,"Hinges, Arms and Turntables",1984,3,1980,1980
627,"Hinges, Arms and Turntables",1985,2,1980,1985
628,"Hinges, Arms and Turntables",1986,2,1980,1985
629,"Hinges, Arms and Turntables",1987,4,1980,1985
630,"Hinges, Arms and Turntables",1988,3,1980,1985
631,"Hinges, Arms and Turntables",1989,3,1980,1985
632,"Hinges, Arms and Turntables",1990,3,1990,1990
633,"Hinges, Arms and Turntables",1991,3,1990,1990
634,"Hinges, Arms and Turntables",1992,2,1990,1990
635,"Hinges, Arms and Turntables",1993,1,1990,1990
636,"Hinges, Arms and Turntables",1994,1,1990,1990
637,"Hinges, Arms and Turntables",1995,7,1990,1995
638,"Hinges, Arms and Turntables",1996,4,1990,1995
639,"Hinges, Arms and Turntables",1997,2,1990,1995
640,"Hinges, Arms and Turntables",1998,5,1990,1995
641,"Hinges, Arms and Turntables",1999,13,1990,1995
642,"Hinges, Arms and Turntables",2000,4,2000,2000
643,"Hinges, Arms and Turntables",2001,6,2000,2000
644,"Hinges, Arms and Turntables",2002,11,2000,2000
645,"Hinges, Arms and Turntables",2003,9,2000,2000
646,"Hinges, Arms and Turntables",2004,2,2000,2000
647,"Hinges, Arms and Turntables",2005,1,2000,2005
648,"Hinges, Arms and Turntables",2006,1,2000,2005
649,"Hinges, Arms and Turntables",2007,2,2000,2005
650,"Hinges, Arms and Turntables",2008,3,2000,2005
651,"Hinges, Arms and Turntables",2010,4,2010,2010
652,"Hinges, Arms and Turntables",2011,20,2010,2010
653,"Hinges, Arms and Turntables",2012,22,2010,2010
654,"Hinges, Arms and Turntables",2015,2,2010,2015
655,"Hinges, Arms and Turntables",2017,1,2010,2015
656,"Hinges, Arms and Turntables",2018,2,2010,2015
657,"Hinges, Arms and Turntables",2019,5,2010,2015
658,"Hinges, Arms and Turntables",2020,17,2020,2020
659,"Hinges, Arms and Turntables",2021,5,2020,2020
660,"Hinges, Arms and Turntables",2022,1,2020,2020
661,"Hinges, Arms and Turntables",2023,1,2020,2020
662,Large Buildable Figures,1999,55,1990,1995
663,Large Buildable Figures,2000,15,2000,2000
664,Large Buildable Figures,2001,42,2000,2000
665,Large Buildable Figures,2002,138,2000,2000
666,Large Buildable Figures,2003,172,2000,2000
667,Large Buildable Figures,2004,118,2000,2000
668,Large Buildable Figures,2005,78,2000,2005
669,Large Buildable Figures,2006,96,2000,2005
670,Large Buildable Figures,2007,57,2000,2005
671,Large Buildable Figures,2008,64,2000,2005
672,Large Buildable Figures,2009,51,2000,2005
673,Large Buildable Figures,2010,67,2010,2010
674,Large Buildable Figures,2011,88,2010,2010
675,Large Buildable Figures,2012,56,2010,2010
676,Large Buildable Figures,2013,44,2010,2010
677,Large Buildable Figures,2014,46,2010,2010
678,Large Buildable Figures,2015,64,2010,2015
679,Large Buildable Figures,2016,79,2010,2015
680,Large Buildable Figures,2017,39,2010,2015
681,Large Buildable Figures,2018,23,2010,2015
682,Large Buildable Figures,2019,7,2010,2015
683,Large Buildable Figures,2020,12,2020,2020
684,Large Buildable Figures,2021,13,2020,2020
685,Large Buildable Figures,2022,7,2020,2020
686,Large Buildable Figures,2023,5,2020,2020
687,Magnets and Holders,1968,5,1960,1965
688,Magnets and Holders,1969,2,1960,1965
689,Magnets and Holders,1970,1,1970,1970
690,Magnets and Holders,1972,3,1970,1970
691,Magnets and Holders,1975,1,1970,1975
692,Magnets and Holders,1977,1,1970,1975
693,Magnets and Holders,1980,2,1980,1980
694,Magnets and Holders,1990,2,1990,1990
695,Magnets and Holders,1991,1,1990,1990
696,Magnets and Holders,1995,1,1990,1995
697,Magnets and Holders,1996,1,1990,1995
698,Magnets and Holders,1998,1,1990,1995
699,Magnets and Holders,2005,1,2000,2005
700,Magnets and Holders,2006,2,2000,2005
701,Magnets and Holders,2009,2,2000,2005
702,Magnets and Holders,2010,1,2010,2010
703,Magnets and Holders,2016,1,2010,2015
704,Magnets and Holders,2019,1,2010,2015
705,Magnets and Holders,2020,2,2020,2020
706,Mechanical,1978,2,1970,1975
707,Mechanical,1981,1,1980,1980
708,Mechanical,1990,1,1990,1990
709,Mechanical,2000,1,2000,2000
710,Mechanical,2002,6,2000,2000
711,Mechanical,2003,8,2000,2000
712,Mechanical,2006,2,2000,2005
713,Mechanical,2008,1,2000,2005
714,Mechanical,2012,1,2010,2010
715,Mechanical,2013,1,2010,2010
716,Mechanical,2021,2,2020,2020
717,Minidoll Heads,2022,6,2020,2020
718,Minidoll Heads,2023,8,2020,2020
719,Minidoll Lower Body,2014,2,2010,2010
720,Minidoll Lower Body,2017,2,2010,2015
721,Minidoll Lower Body,2022,23,2020,2020
722,Minidoll Lower Body,2023,2,2020,2020
723,Minidoll Upper Body,2014,2,2010,2010
724,Minidoll Upper Body,2020,2,2020,2020
725,Minidoll Upper Body,2022,6,2020,2020
726,Minidoll Upper Body,2023,1,2020,2020
727,Minifig Accessories,1974,1,1970,1970
728,Minifig Accessories,1976,1,1970,1975
729,Minifig Accessories,1977,1,1970,1975
730,Minifig Accessories,1978,10,1970,1975
731,Minifig Accessories,1979,9,1970,1975
732,Minifig Accessories,1982,8,1980,1980
733,Minifig Accessories,1983,5,1980,1980
734,Minifig Accessories,1984,16,1980,1980
735,Minifig Accessories,1985,3,1980,1985
736,Minifig Accessories,1986,4,1980,1985
737,Minifig Accessories,1988,3,1980,1985
738,Minifig Accessories,1989,12,1980,1985
739,Minifig Accessories,1990,4,1990,1990
740,Minifig Accessories,1991,3,1990,1990
741,Minifig Accessories,1992,9,1990,1990
742,Minifig Accessories,1993,9,1990,1990
743,Minifig Accessories,1994,5,1990,1990
744,Minifig Accessories,1995,17,1990,1995
745,Minifig Accessories,1996,5,1990,1995
746,Minifig Accessories,1997,23,1990,1995
747,Minifig Accessories,1998,26,1990,1995
748,Minifig Accessories,1999,5,1990,1995
749,Minifig Accessories,2000,9,2000,2000
750,Minifig Accessories,2001,9,2000,2000
751,Minifig Accessories,2002,17,2000,2000
752,Minifig Accessories,2003,14,2000,2000
753,Minifig Accessories,2004,24,2000,2000
754,Minifig Accessories,2005,32,2000,2005
755,Minifig Accessories,2006,29,2000,2005
756,Minifig Accessories,2007,13,2000,2005
757,Minifig Accessories,2008,21,2000,2005
758,Minifig Accessories,2009,9,2000,2005
759,Minifig Accessories,2010,21,2010,2010
760,Minifig Accessories,2011,40,2010,2010
761,Minifig Accessories,2012,114,2010,2010
762,Minifig Accessories,2013,59,2010,2010
763,Minifig Accessories,2014,38,2010,2010
764,Minifig Accessories,2015,52,2010,2015
765,Minifig Accessories,2016,56,2010,2015
766,Minifig Accessories,2017,54,2010,2015
767,Minifig Accessories,2018,58,2010,2015
768,Minifig Accessories,2019,64,2010,2015
769,Minifig Accessories,2020,55,2020,2020
770,Minifig Accessories,2021,52,2020,2020
771,Minifig Accessories,2022,45,2020,2020
772,Minifig Accessories,2023,50,2020,2020
773,Minifig Heads,1974,4,1970,1970
774,Minifig Heads,1975,1,1970,1975
775,Minifig Heads,1978,2,1970,1975
776,Minifig Heads,1984,1,1980,1980
777,Minifig Heads,1989,1,1980,1985
778,Minifig Heads,1990,1,1990,1990
779,Minifig Heads,1995,1,1990,1995
780,Minifig Heads,1996,5,1990,1995
781,Minifig Heads,1997,2,1990,1995
782,Minifig Heads,1999,1,1990,1995
783,Minifig Heads,2000,2,2000,2000
784,Minifig Heads,2002,18,2000,2000
785,Minifig Heads,2003,10,2000,2000
786,Minifig Heads,2004,1,2000,2000
787,Minifig Heads,2005,1,2000,2005
788,Minifig Heads,2006,1,2000,2005
789,Minifig Heads,2007,4,2000,2005
790,Minifig Heads,2008,5,2000,2005
791,Minifig Heads,2009,13,2000,2005
792,Minifig Heads,2010,5,2010,2010
793,Minifig Heads,2011,3,2010,2010
794,Minifig Heads,2012,5,2010,2010
795,Minifig Heads,2013,7,2010,2010
796,Minifig Heads,2014,12,2010,2010
797,Minifig Heads,2015,11,2010,2015
798,Minifig Heads,2016,16,2010,2015
799,Minifig Heads,2017,10,2010,2015
800,Minifig Heads,2018,18,2010,2015
801,Minifig Heads,2019,21,2010,2015
802,Minifig Heads,2020,19,2020,2020
803,Minifig Heads,2021,25,2020,2020
804,Minifig Heads,2022,85,2020,2020
805,Minifig Heads,2023,23,2020,2020
806,Minifig Headwear,1974,4,1970,1970
807,Minifig Headwear,1975,1,1970,1975
808,Minifig Headwear,1976,1,1970,1975
809,Minifig Headwear,1977,4,1970,1975
810,Minifig Headwear,1978,1,1970,1975
811,Minifig Headwear,1979,3,1970,1975
812,Minifig Headwear,1984,2,1980,1980
813,Minifig Headwear,1985,5,1980,1985
814,Minifig Headwear,1986,4,1980,1985
815,Minifig Headwear,1987,1,1980,1985
816,Minifig Headwear,1989,3,1980,1985
817,Minifig Headwear,1990,3,1990,1990
818,Minifig Headwear,1991,1,1990,1990
819,Minifig Headwear,1993,6,1990,1990
820,Minifig Headwear,1994,3,1990,1990
821,Minifig Headwear,1995,3,1990,1995
822,Minifig Headwear,1996,3,1990,1995
823,Minifig Headwear,1997,8,1990,1995
824,Minifig Headwear,1998,12,1990,1995
825,Minifig Headwear,1999,2,1990,1995
826,Minifig Headwear,2000,1,2000,2000
827,Minifig Headwear,2001,1,2000,2000
828,Minifig Headwear,2002,15,2000,2000
829,Minifig Headwear,2003,11,2000,2000
830,Minifig Headwear,2004,2,2000,2000
831,Minifig Headwear,2005,1,2000,2005
832,Minifig Headwear,2007,4,2000,2005
833,Minifig Headwear,2008,3,2000,2005
834,Minifig Headwear,2009,6,2000,2005
835,Minifig Headwear,2010,6,2010,2010
836,Minifig Headwear,2011,9,2010,2010
837,Minifig Headwear,2012,12,2010,2010
838,Minifig Headwear,2013,12,2010,2010
839,Minifig Headwear,2014,6,2010,2010
840,Minifig Headwear,2015,14,2010,2015
841,Minifig Headwear,2016,20,2010,2015
842,Minifig Headwear,2017,18,2010,2015
843,Minifig Headwear,2018,23,2010,2015
844,Minifig Headwear,2019,31,2010,2015
845,Minifig Headwear,2020,19,2020,2020
846,Minifig Headwear,2021,30,2020,2020
847,Minifig Headwear,2022,54,2020,2020
848,Minifig Headwear,2023,24,2020,2020
849,Minifig Lower Body,1975,1,1970,1975
850,Minifig Lower Body,1984,4,1980,1980
851,Minifig Lower Body,1991,2,1990,1990
852,Minifig Lower Body,1995,1,1990,1995
853,Minifig Lower Body,1996,1,1990,1995
854,Minifig Lower Body,1997,1,1990,1995
855,Minifig Lower Body,2004,4,2000,2000
856,Minifig Lower Body,2006,2,2000,2005
857,Minifig Lower Body,2008,1,2000,2005
858,Minifig Lower Body,2010,2,2010,2010
859,Minifig Lower Body,2011,1,2010,2010
860,Minifig Lower Body,2012,2,2010,2010
861,Minifig Lower Body,2014,1,2010,2010
862,Minifig Lower Body,2015,2,2010,2015
863,Minifig Lower Body,2016,2,2010,2015
864,Minifig Lower Body,2017,1,2010,2015
865,Minifig Lower Body,2018,2,2010,2015
866,Minifig Lower Body,2019,12,2010,2015
867,Minifig Lower Body,2020,8,2020,2020
868,Minifig Lower Body,2021,7,2020,2020
869,Minifig Lower Body,2022,22,2020,2020
870,Minifig Lower Body,2023,4,2020,2020
871,Minifig Upper Body,1975,1,1970,1975
872,Minifig Upper Body,1984,4,1980,1980
873,Minifig Upper Body,1989,1,1980,1985
874,Minifig Upper Body,1991,12,1990,1990
875,Minifig Upper Body,1993,1,1990,1990
876,Minifig Upper Body,1995,4,1990,1995
877,Minifig Upper Body,1996,8,1990,1995
878,Minifig Upper Body,1997,5,1990,1995
879,Minifig Upper Body,1998,2,1990,1995
880,Minifig Upper Body,1999,2,1990,1995
881,Minifig Upper Body,2000,1,2000,2000
882,Minifig Upper Body,2002,2,2000,2000
883,Minifig Upper Body,2004,6,2000,2000
884,Minifig Upper Body,2005,1,2000,2005
885,Minifig Upper Body,2006,1,2000,2005
886,Minifig Upper Body,2007,2,2000,2005
887,Minifig Upper Body,2008,1,2000,2005
888,Minifig Upper Body,2009,2,2000,2005
889,Minifig Upper Body,2010,18,2010,2010
890,Minifig Upper Body,2011,8,2010,2010
891,Minifig Upper Body,2012,10,2010,2010
892,Minifig Upper Body,2013,1,2010,2010
893,Minifig Upper Body,2015,5,2010,2015
894,Minifig Upper Body,2016,7,2010,2015
895,Minifig Upper Body,2017,6,2010,2015
896,Minifig Upper Body,2018,11,2010,2015
897,Minifig Upper Body,2019,14,2010,2015
898,Minifig Upper Body,2020,10,2020,2020
899,Minifig Upper Body,2021,28,2020,2020
900,Minifig Upper Body,2022,58,2020,2020
901,Minifig Upper Body,2023,18,2020,2020
902,Minifigs,1981,2,1980,1980
903,Minifigs,1986,6,1980,1985
904,Minifigs,1988,1,1980,1985
905,Minifigs,1995,3,1990,1995
906,Minifigs,1997,1,1990,1995
907,Minifigs,1998,3,1990,1995
908,Minifigs,1999,2,1990,1995
909,Minifigs,2001,25,2000,2000
910,Minifigs,2002,11,2000,2000
911,Minifigs,2003,8,2000,2000
912,Minifigs,2004,16,2000,2000
913,Minifigs,2005,6,2000,2005
914,Minifigs,2006,8,2000,2005
915,Minifigs,2009,18,2000,2005
916,Minifigs,2010,28,2010,2010
917,Minifigs,2011,29,2010,2010
918,Minifigs,2012,26,2010,2010
919,Minifigs,2013,24,2010,2010
920,Minifigs,2014,1,2010,2010
921,Minifigs,2015,5,2010,2015
922,Minifigs,2016,18,2010,2015
923,Minifigs,2017,4,2010,2015
924,Minifigs,2018,31,2010,2015
925,Minifigs,2019,7,2010,2015
926,Minifigs,2020,2,2020,2020
927,Minifigs,2021,2,2020,2020
928,Minifigs,2022,4,2020,2020
929,Minifigs,2023,3,2020,2020
930,Modulex,1963,105,1960,1960
931,"Non-Buildable Figures (Duplo, Fabuland, etc)",1979,15,1970,1975
932,"Non-Buildable Figures (Duplo, Fabuland, etc)",1980,6,1980,1980
933,"Non-Buildable Figures (Duplo, Fabuland, etc)",1981,6,1980,1980
934,"Non-Buildable Figures (Duplo, Fabuland, etc)",1982,19,1980,1980
935,"Non-Buildable Figures (Duplo, Fabuland, etc)",1983,4,1980,1980
936,"Non-Buildable Figures (Duplo, Fabuland, etc)",1984,9,1980,1980
937,"Non-Buildable Figures (Duplo, Fabuland, etc)",1985,20,1980,1985
938,"Non-Buildable Figures (Duplo, Fabuland, etc)",1986,36,1980,1985
939,"Non-Buildable Figures (Duplo, Fabuland, etc)",1987,8,1980,1985
940,"Non-Buildable Figures (Duplo, Fabuland, etc)",1988,16,1980,1985
941,"Non-Buildable Figures (Duplo, Fabuland, etc)",1989,23,1980,1985
942,"Non-Buildable Figures (Duplo, Fabuland, etc)",1990,1,1990,1990
943,"Non-Buildable Figures (Duplo, Fabuland, etc)",1991,17,1990,1990
944,"Non-Buildable Figures (Duplo, Fabuland, etc)",1992,22,1990,1990
945,"Non-Buildable Figures (Duplo, Fabuland, etc)",1993,7,1990,1990
946,"Non-Buildable Figures (Duplo, Fabuland, etc)",1994,49,1990,1990
947,"Non-Buildable Figures (Duplo, Fabuland, etc)",1995,38,1990,1995
948,"Non-Buildable Figures (Duplo, Fabuland, etc)",1996,5,1990,1995
949,"Non-Buildable Figures (Duplo, Fabuland, etc)",1997,35,1990,1995
950,"Non-Buildable Figures (Duplo, Fabuland, etc)",1998,39,1990,1995
951,"Non-Buildable Figures (Duplo, Fabuland, etc)",1999,28,1990,1995
952,"Non-Buildable Figures (Duplo, Fabuland, etc)",2000,19,2000,2000
953,"Non-Buildable Figures (Duplo, Fabuland, etc)",2001,18,2000,2000
954,"Non-Buildable Figures (Duplo, Fabuland, etc)",2002,21,2000,2000
955,"Non-Buildable Figures (Duplo, Fabuland, etc)",2003,17,2000,2000
956,"Non-Buildable Figures (Duplo, Fabuland, etc)",2004,25,2000,2000
957,"Non-Buildable Figures (Duplo, Fabuland, etc)",2005,26,2000,2005
958,"Non-Buildable Figures (Duplo, Fabuland, etc)",2006,15,2000,2005
959,"Non-Buildable Figures (Duplo, Fabuland, etc)",2007,24,2000,2005
960,"Non-Buildable Figures (Duplo, Fabuland, etc)",2008,10,2000,2005
961,"Non-Buildable Figures (Duplo, Fabuland, etc)",2010,10,2010,2010
962,"Non-Buildable Figures (Duplo, Fabuland, etc)",2012,8,2010,2010
963,"Non-Buildable Figures (Duplo, Fabuland, etc)",2013,7,2010,2010
964,"Non-Buildable Figures (Duplo, Fabuland, etc)",2014,5,2010,2010
965,"Non-Buildable Figures (Duplo, Fabuland, etc)",2015,24,2010,2015
966,"Non-Buildable Figures (Duplo, Fabuland, etc)",2017,23,2010,2015
967,"Non-Buildable Figures (Duplo, Fabuland, etc)",2018,4,2010,2015
968,"Non-Buildable Figures (Duplo, Fabuland, etc)",2019,3,2010,2015
969,"Non-Buildable Figures (Duplo, Fabuland, etc)",2020,24,2020,2020
970,"Non-Buildable Figures (Duplo, Fabuland, etc)",2021,11,2020,2020
971,"Non-Buildable Figures (Duplo, Fabuland, etc)",2022,5,2020,2020
972,"Non-Buildable Figures (Duplo, Fabuland, etc)",2023,24,2020,2020
973,Non-LEGO,1957,1,1950,1955
974,Non-LEGO,1959,1,1950,1955
975,Non-LEGO,1960,1,1960,1960
976,Non-LEGO,1962,2,1960,1960
977,Non-LEGO,1965,1,1960,1965
978,Non-LEGO,1970,1,1970,1970
979,Non-LEGO,1972,3,1970,1970
980,Non-LEGO,1973,2,1970,1970
981,Non-LEGO,1975,2,1970,1975
982,Non-LEGO,1976,1,1970,1975
983,Non-LEGO,1977,1,1970,1975
984,Non-LEGO,1978,1,1970,1975
985,Non-LEGO,1980,2,1980,1980
986,Non-LEGO,1981,2,1980,1980
987,Non-LEGO,1982,2,1980,1980
988,Non-LEGO,1983,22,1980,1980
989,Non-LEGO,1985,46,1980,1985
990,Non-LEGO,1986,7,1980,1985
991,Non-LEGO,1987,11,1980,1985
992,Non-LEGO,1988,18,1980,1985
993,Non-LEGO,1989,9,1980,1985
994,Non-LEGO,1990,117,1990,1990
995,Non-LEGO,1991,15,1990,1990
996,Non-LEGO,1992,15,1990,1990
997,Non-LEGO,1993,25,1990,1990
998,Non-LEGO,1994,40,1990,1990
999,Non-LEGO,1995,25,1990,1995
1000,Non-LEGO,1996,3,1990,1995
1001,Non-LEGO,1997,81,1990,1995
1002,Non-LEGO,1998,47,1990,1995
1003,Non-LEGO,1999,23,1990,1995
1004,Non-LEGO,2000,72,2000,2000
1005,Non-LEGO,2001,332,2000,2000
1006,Non-LEGO,2002,30,2000,2000
1007,Non-LEGO,2003,187,2000,2000
1008,Non-LEGO,2004,99,2000,2000
1009,Non-LEGO,2005,71,2000,2005
1010,Non-LEGO,2006,18,2000,2005
1011,Non-LEGO,2007,3,2000,2005
1012,Non-LEGO,2008,16,2000,2005
1013,Non-LEGO,2009,12,2000,2005
1014,Non-LEGO,2010,8,2010,2010
1015,Non-LEGO,2011,136,2010,2010
1016,Non-LEGO,2012,145,2010,2010
1017,Non-LEGO,2013,135,2010,2010
1018,Non-LEGO,2014,92,2010,2010
1019,Non-LEGO,2015,21,2010,2015
1020,Non-LEGO,2016,257,2010,2015
1021,Non-LEGO,2017,270,2010,2015
1022,Non-LEGO,2018,14,2010,2015
1023,Non-LEGO,2019,4,2010,2015
1024,Non-LEGO,2020,32,2020,2020
1025,Non-LEGO,2021,10,2020,2020
1026,Other,2002,1,2000,2000
1027,Other,2016,1,2010,2015
1028,Other,2021,1,2020,2020
1029,Other,2022,5,2020,2020
1030,Other,2023,9,2020,2020
1031,Panels,1978,1,1970,1975
1032,Panels,1980,1,1980,1980
1033,Panels,1981,3,1980,1980
1034,Panels,1984,4,1980,1980
1035,Panels,1985,8,1980,1985
1036,Panels,1986,10,1980,1985
1037,Panels,1987,11,1980,1985
1038,Panels,1988,9,1980,1985
1039,Panels,1989,11,1980,1985
1040,Panels,1990,8,1990,1990
1041,Panels,1991,2,1990,1990
1042,Panels,1992,4,1990,1990
1043,Panels,1993,7,1990,1990
1044,Panels,1994,6,1990,1990
1045,Panels,1995,4,1990,1995
1046,Panels,1996,3,1990,1995
1047,Panels,1997,8,1990,1995
1048,Panels,1998,16,1990,1995
1049,Panels,1999,5,1990,1995
1050,Panels,2000,7,2000,2000
1051,Panels,2001,10,2000,2000
1052,Panels,2002,4,2000,2000
1053,Panels,2003,2,2000,2000
1054,Panels,2004,4,2000,2000
1055,Panels,2005,3,2000,2005
1056,Panels,2006,1,2000,2005
1057,Panels,2007,1,2000,2005
1058,Panels,2008,3,2000,2005
1059,Panels,2009,1,2000,2005
1060,Panels,2010,3,2010,2010
1061,Panels,2011,2,2010,2010
1062,Panels,2012,4,2010,2010
1063,Panels,2013,2,2010,2010
1064,Panels,2014,11,2010,2010
1065,Panels,2015,4,2010,2015
1066,Panels,2016,17,2010,2015
1067,Panels,2017,20,2010,2015
1068,Panels,2018,13,2010,2015
1069,Panels,2019,18,2010,2015
1070,Panels,2020,19,2020,2020
1071,Panels,2021,28,2020,2020
1072,Panels,2022,11,2020,2020
1073,Panels,2023,12,2020,2020
1074,Plants and Animals,1955,6,1950,1955
1075,Plants and Animals,1957,2,1950,1955
1076,Plants and Animals,1958,5,1950,1955
1077,Plants and Animals,1964,3,1960,1960
1078,Plants and Animals,1966,5,1960,1965
1079,Plants and Animals,1967,2,1960,1965
1080,Plants and Animals,1970,1,1970,1970
1081,Plants and Animals,1971,2,1970,1970
1082,Plants and Animals,1972,1,1970,1970
1083,Plants and Animals,1976,2,1970,1975
1084,Plants and Animals,1978,1,1970,1975
1085,Plants and Animals,1979,2,1970,1975
1086,Plants and Animals,1984,4,1980,1980
1087,Plants and Animals,1985,2,1980,1985
1088,Plants and Animals,1986,2,1980,1985
1089,Plants and Animals,1987,4,1980,1985
1090,Plants and Animals,1988,3,1980,1985
1091,Plants and Animals,1989,11,1980,1985
1092,Plants and Animals,1990,2,1990,1990
1093,Plants and Animals,1992,2,1990,1990
1094,Plants and Animals,1993,7,1990,1990
1095,Plants and Animals,1994,6,1990,1990
1096,Plants and Animals,1995,11,1990,1995
1097,Plants and Animals,1996,2,1990,1995
1098,Plants and Animals,1997,11,1990,1995
1099,Plants and Animals,1998,9,1990,1995
1100,Plants and Animals,1999,12,1990,1995
1101,Plants and Animals,2000,17,2000,2000
1102,Plants and Animals,2001,40,2000,2000
1103,Plants and Animals,2002,7,2000,2000
1104,Plants and Animals,2003,10,2000,2000
1105,Plants and Animals,2004,9,2000,2000
1106,Plants and Animals,2005,27,2000,2005
1107,Plants and Animals,2006,5,2000,2005
1108,Plants and Animals,2007,25,2000,2005
1109,Plants and Animals,2008,12,2000,2005
1110,Plants and Animals,2009,12,2000,2005
1111,Plants and Animals,2010,22,2010,2010
1112,Plants and Animals,2011,15,2010,2010
1113,Plants and Animals,2012,76,2010,2010
1114,Plants and Animals,2013,52,2010,2010
1115,Plants and Animals,2014,47,2010,2010
1116,Plants and Animals,2015,82,2010,2015
1117,Plants and Animals,2016,57,2010,2015
1118,Plants and Animals,2017,46,2010,2015
1119,Plants and Animals,2018,116,2010,2015
1120,Plants and Animals,2019,81,2010,2015
1121,Plants and Animals,2020,107,2020,2020
1122,Plants and Animals,2021,112,2020,2020
1123,Plants and Animals,2022,138,2020,2020
1124,Plants and Animals,2023,101,2020,2020
1125,Plates,1954,1,1950,1950
1126,Plates,1955,2,1950,1955
1127,Plates,1956,3,1950,1955
1128,Plates,1957,1,1950,1955
1129,Plates,1959,1,1950,1955
1130,Plates,1961,2,1960,1960
1131,Plates,1962,7,1960,1960
1132,Plates,1966,3,1960,1965
1133,Plates,1967,1,1960,1965
1134,Plates,1969,1,1960,1965
1135,Plates,1971,2,1970,1970
1136,Plates,1972,2,1970,1970
1137,Plates,1977,3,1970,1975
1138,Plates,1978,2,1970,1975
1139,Plates,1979,1,1970,1975
1140,Plates,1983,1,1980,1980
1141,Plates,1984,1,1980,1980
1142,Plates,1987,1,1980,1985
1143,Plates,1988,1,1980,1985
1144,Plates,1991,1,1990,1990
1145,Plates,2001,1,2000,2000
1146,Plates,2008,1,2000,2005
1147,Plates,2011,2,2010,2010
1148,Plates,2012,4,2010,2010
1149,Plates,2013,4,2010,2010
1150,Plates,2014,3,2010,2010
1151,Plates,2015,1,2010,2015
1152,Plates,2016,2,2010,2015
1153,Plates,2017,3,2010,2015
1154,Plates,2018,10,2010,2015
1155,Plates,2019,4,2010,2015
1156,Plates,2020,5,2020,2020
1157,Plates,2021,5,2020,2020
1158,Plates,2022,8,2020,2020
1159,Plates,2023,7,2020,2020
1160,Plates Angled,1972,2,1970,1970
1161,Plates Angled,1974,1,1970,1970
1162,Plates Angled,1979,4,1970,1975
1163,Plates Angled,1983,1,1980,1980
1164,Plates Angled,1985,1,1980,1985
1165,Plates Angled,1987,3,1980,1985
1166,Plates Angled,1988,1,1980,1985
1167,Plates Angled,1990,2,1990,1990
1168,Plates Angled,1991,2,1990,1990
1169,Plates Angled,1992,1,1990,1990
1170,Plates Angled,1995,2,1990,1995
1171,Plates Angled,1996,1,1990,1995
1172,Plates Angled,1997,4,1990,1995
1173,Plates Angled,1999,3,1990,1995
1174,Plates Angled,2001,4,2000,2000
1175,Plates Angled,2002,2,2000,2000
1176,Plates Angled,2003,2,2000,2000
1177,Plates Angled,2004,7,2000,2000
1178,Plates Angled,2005,1,2000,2005
1179,Plates Angled,2006,3,2000,2005
1180,Plates Angled,2008,1,2000,2005
1181,Plates Angled,2011,1,2010,2010
1182,Plates Angled,2012,1,2010,2010
1183,Plates Angled,2013,1,2010,2010
1184,Plates Angled,2016,2,2010,2015
1185,Plates Angled,2017,1,2010,2015
1186,Plates Angled,2019,5,2010,2015
1187,Plates Angled,2020,6,2020,2020
1188,Plates Angled,2021,2,2020,2020
1189,Plates Angled,2022,3,2020,2020
1190,Plates Angled,2023,6,2020,2020
1191,Plates Round Curved and Dishes,1955,2,1950,1955
1192,Plates Round Curved and Dishes,1956,1,1950,1955
1193,Plates Round Curved and Dishes,1979,2,1970,1975
1194,Plates Round Curved and Dishes,1980,3,1980,1980
1195,Plates Round Curved and Dishes,1982,2,1980,1980
1196,Plates Round Curved and Dishes,1985,1,1980,1985
1197,Plates Round Curved and Dishes,1988,1,1980,1985
1198,Plates Round Curved and Dishes,1991,1,1990,1990
1199,Plates Round Curved and Dishes,1992,2,1990,1990
1200,Plates Round Curved and Dishes,1993,2,1990,1990
1201,Plates Round Curved and Dishes,1994,2,1990,1990
1202,Plates Round Curved and Dishes,1995,1,1990,1995
1203,Plates Round Curved and Dishes,1996,1,1990,1995
1204,Plates Round Curved and Dishes,1997,3,1990,1995
1205,Plates Round Curved and Dishes,1998,1,1990,1995
1206,Plates Round Curved and Dishes,1999,1,1990,1995
1207,Plates Round Curved and Dishes,2000,2,2000,2000
1208,Plates Round Curved and Dishes,2001,3,2000,2000
1209,Plates Round Curved and Dishes,2002,3,2000,2000
1210,Plates Round Curved and Dishes,2003,8,2000,2000
1211,Plates Round Curved and Dishes,2004,6,2000,2000
1212,Plates Round Curved and Dishes,2005,8,2000,2005
1213,Plates Round Curved and Dishes,2006,4,2000,2005
1214,Plates Round Curved and Dishes,2007,3,2000,2005
1215,Plates Round Curved and Dishes,2008,3,2000,2005
1216,Plates Round Curved and Dishes,2009,4,2000,2005
1217,Plates Round Curved and Dishes,2010,2,2010,2010
1218,Plates Round Curved and Dishes,2011,4,2010,2010
1219,Plates Round Curved and Dishes,2012,10,2010,2010
1220,Plates Round Curved and Dishes,2013,5,2010,2010
1221,Plates Round Curved and Dishes,2014,8,2010,2010
1222,Plates Round Curved and Dishes,2015,25,2010,2015
1223,Plates Round Curved and Dishes,2016,17,2010,2015
1224,Plates Round Curved and Dishes,2017,12,2010,2015
1225,Plates Round Curved and Dishes,2018,28,2010,2015
1226,Plates Round Curved and Dishes,2019,13,2010,2015
1227,Plates Round Curved and Dishes,2020,25,2020,2020
1228,Plates Round Curved and Dishes,2021,22,2020,2020
1229,Plates Round Curved and Dishes,2022,18,2020,2020
1230,Plates Round Curved and Dishes,2023,15,2020,2020
1231,Plates Special,1966,7,1960,1965
1232,Plates Special,1967,2,1960,1965
1233,Plates Special,1969,1,1960,1965
1234,Plates Special,1970,3,1970,1970
1235,Plates Special,1971,1,1970,1970
1236,Plates Special,1974,2,1970,1970
1237,Plates Special,1977,2,1970,1975
1238,Plates Special,1978,4,1970,1975
1239,Plates Special,1979,4,1970,1975
1240,Plates Special,1980,5,1980,1980
1241,Plates Special,1983,1,1980,1980
1242,Plates Special,1984,10,1980,1980
1243,Plates Special,1985,2,1980,1985
1244,Plates Special,1987,2,1980,1985
1245,Plates Special,1988,1,1980,1985
1246,Plates Special,1989,5,1980,1985
1247,Plates Special,1990,2,1990,1990
1248,Plates Special,1991,1,1990,1990
1249,Plates Special,1992,2,1990,1990
1250,Plates Special,1993,1,1990,1990
1251,Plates Special,1994,6,1990,1990
1252,Plates Special,1995,1,1990,1995
1253,Plates Special,1996,3,1990,1995
1254,Plates Special,1997,3,1990,1995
1255,Plates Special,1998,5,1990,1995
1256,Plates Special,1999,3,1990,1995
1257,Plates Special,2000,5,2000,2000
1258,Plates Special,2001,6,2000,2000
1259,Plates Special,2002,6,2000,2000
1260,Plates Special,2003,2,2000,2000
1261,Plates Special,2004,6,2000,2000
1262,Plates Special,2005,3,2000,2005
1263,Plates Special,2006,1,2000,2005
1264,Plates Special,2007,3,2000,2005
1265,Plates Special,2008,6,2000,2005
1266,Plates Special,2009,14,2000,2005
1267,Plates Special,2010,8,2010,2010
1268,Plates Special,2011,6,2010,2010
1269,Plates Special,2012,20,2010,2010
1270,Plates Special,2013,13,2010,2010
1271,Plates Special,2014,16,2010,2010
1272,Plates Special,2015,13,2010,2015
1273,Plates Special,2016,15,2010,2015
1274,Plates Special,2017,12,2010,2015
1275,Plates Special,2018,8,2010,2015
1276,Plates Special,2019,21,2010,2015
1277,Plates Special,2020,25,2020,2020
1278,Plates Special,2021,41,2020,2020
1279,Plates Special,2022,19,2020,2020
1280,Plates Special,2023,18,2020,2020
1281,Pneumatics,1984,6,1980,1980
1282,Pneumatics,1989,4,1980,1985
1283,Pneumatics,1992,2,1990,1990
1284,Pneumatics,1995,1,1990,1995
1285,Pneumatics,1997,1,1990,1995
1286,Pneumatics,2002,1,2000,2000
1287,Pneumatics,2003,1,2000,2000
1288,Pneumatics,2005,1,2000,2005
1289,Pneumatics,2008,2,2000,2005
1290,Pneumatics,2011,2,2010,2010
1291,Pneumatics,2015,5,2010,2015
1292,Pneumatics,2016,1,2010,2015
1293,Pneumatics,2018,2,2010,2015
1294,Pneumatics,2019,2,2010,2015
1295,Projectiles / Launchers,1989,2,1980,1985
1296,Projectiles / Launchers,1998,2,1990,1995
1297,Projectiles / Launchers,2000,3,2000,2000
1298,Projectiles / Launchers,2001,1,2000,2000
1299,Projectiles / Launchers,2002,2,2000,2000
1300,Projectiles / Launchers,2003,1,2000,2000
1301,Projectiles / Launchers,2004,3,2000,2000
1302,Projectiles / Launchers,2005,2,2000,2005
1303,Projectiles / Launchers,2006,8,2000,2005
1304,Projectiles / Launchers,2007,6,2000,2005
1305,Projectiles / Launchers,2008,5,2000,2005
1306,Projectiles / Launchers,2009,1,2000,2005
1307,Projectiles / Launchers,2010,3,2010,2010
1308,Projectiles / Launchers,2011,1,2010,2010
1309,Projectiles / Launchers,2012,1,2010,2010
1310,Projectiles / Launchers,2013,2,2010,2010
1311,Projectiles / Launchers,2014,6,2010,2010
1312,Projectiles / Launchers,2015,6,2010,2015
1313,Projectiles / Launchers,2016,2,2010,2015
1314,Projectiles / Launchers,2018,2,2010,2015
1315,Projectiles / Launchers,2019,2,2010,2015
1316,Projectiles / Launchers,2020,2,2020,2020
1317,Projectiles / Launchers,2021,4,2020,2020
1318,Projectiles / Launchers,2022,3,2020,2020
1319,Projectiles / Launchers,2023,5,2020,2020
1320,Rock,1992,2,1990,1990
1321,Rock,1995,1,1990,1995
1322,Rock,1998,2,1990,1995
1323,Rock,1999,4,1990,1995
1324,Rock,2001,1,2000,2000
1325,Rock,2002,1,2000,2000
1326,Rock,2004,3,2000,2000
1327,Rock,2005,5,2000,2005
1328,Rock,2006,1,2000,2005
1329,Rock,2007,1,2000,2005
1330,Rock,2012,7,2010,2010
1331,Rock,2013,1,2010,2010
1332,Rock,2014,4,2010,2010
1333,Rock,2015,1,2010,2015
1334,Rock,2016,2,2010,2015
1335,Rock,2018,2,2010,2015
1336,Rock,2019,3,2010,2015
1337,Rock,2020,1,2020,2020
1338,Rock,2021,1,2020,2020
1339,Rock,2022,4,2020,2020
1340,Rock,2023,1,2020,2020
1341,Stickers,1971,1,1970,1970
1342,Stickers,1972,11,1970,1970
1343,Stickers,1973,12,1970,1970
1344,Stickers,1974,15,1970,1970
1345,Stickers,1975,11,1970,1975
1346,Stickers,1976,18,1970,1975
1347,Stickers,1977,13,1970,1975
1348,Stickers,1978,44,1970,1975
1349,Stickers,1979,18,1970,1975
1350,Stickers,1980,25,1980,1980
1351,Stickers,1981,8,1980,1980
1352,Stickers,1982,20,1980,1980
1353,Stickers,1983,12,1980,1980
1354,Stickers,1984,9,1980,1980
1355,Stickers,1985,19,1980,1985
1356,Stickers,1986,21,1980,1985
1357,Stickers,1987,14,1980,1985
1358,Stickers,1988,5,1980,1985
1359,Stickers,1989,7,1980,1985
1360,Stickers,1990,14,1990,1990
1361,Stickers,1991,18,1990,1990
1362,Stickers,1992,15,1990,1990
1363,Stickers,1993,17,1990,1990
1364,Stickers,1994,35,1990,1990
1365,Stickers,1995,26,1990,1995
1366,Stickers,1996,50,1990,1995
1367,Stickers,1997,52,1990,1995
1368,Stickers,1998,82,1990,1995
1369,Stickers,1999,52,1990,1995
1370,Stickers,2000,56,2000,2000
1371,Stickers,2001,49,2000,2000
1372,Stickers,2002,47,2000,2000
1373,Stickers,2003,65,2000,2000
1374,Stickers,2004,66,2000,2000
1375,Stickers,2005,68,2000,2005
1376,Stickers,2006,84,2000,2005
1377,Stickers,2007,73,2000,2005
1378,Stickers,2008,104,2000,2005
1379,Stickers,2009,120,2000,2005
1380,Stickers,2010,109,2010,2010
1381,Stickers,2011,98,2010,2010
1382,Stickers,2012,112,2010,2010
1383,Stickers,2013,129,2010,2010
1384,Stickers,2014,174,2010,2010
1385,Stickers,2015,181,2010,2015
1386,Stickers,2016,189,2010,2015
1387,Stickers,2017,190,2010,2015
1388,Stickers,2018,173,2010,2015
1389,Stickers,2019,207,2010,2015
1390,Stickers,2020,219,2020,2020
1391,Stickers,2021,232,2020,2020
1392,Stickers,2022,213,2020,2020
1393,Stickers,2023,116,2020,2020
1394,"String, Bands and Reels",1967,2,1960,1965
1395,"String, Bands and Reels",1969,3,1960,1965
1396,"String, Bands and Reels",1971,2,1970,1970
1397,"String, Bands and Reels",1973,2,1970,1970
1398,"String, Bands and Reels",1974,1,1970,1970
1399,"String, Bands and Reels",1975,1,1970,1975
1400,"String, Bands and Reels",1976,3,1970,1975
1401,"String, Bands and Reels",1978,2,1970,1975
1402,"String, Bands and Reels",1979,3,1970,1975
1403,"String, Bands and Reels",1980,3,1980,1980
1404,"String, Bands and Reels",1981,4,1980,1980
1405,"String, Bands and Reels",1985,1,1980,1985
1406,"String, Bands and Reels",1987,2,1980,1985
1407,"String, Bands and Reels",1989,4,1980,1985
1408,"String, Bands and Reels",1990,4,1990,1990
1409,"String, Bands and Reels",1991,2,1990,1990
1410,"String, Bands and Reels",1992,2,1990,1990
1411,"String, Bands and Reels",1993,1,1990,1990
1412,"String, Bands and Reels",1994,2,1990,1990
1413,"String, Bands and Reels",1995,3,1990,1995
1414,"String, Bands and Reels",1996,5,1990,1995
1415,"String, Bands and Reels",1997,6,1990,1995
1416,"String, Bands and Reels",1998,1,1990,1995
1417,"String, Bands and Reels",1999,2,1990,1995
1418,"String, Bands and Reels",2000,4,2000,2000
1419,"String, Bands and Reels",2001,5,2000,2000
1420,"String, Bands and Reels",2002,5,2000,2000
1421,"String, Bands and Reels",2003,2,2000,2000
1422,"String, Bands and Reels",2005,2,2000,2005
1423,"String, Bands and Reels",2006,1,2000,2005
1424,"String, Bands and Reels",2007,1,2000,2005
1425,"String, Bands and Reels",2008,1,2000,2005
1426,"String, Bands and Reels",2011,1,2010,2010
1427,"String, Bands and Reels",2012,1,2010,2010
1428,"String, Bands and Reels",2013,1,2010,2010
1429,"String, Bands and Reels",2014,1,2010,2010
1430,"String, Bands and Reels",2015,3,2010,2015
1431,"String, Bands and Reels",2016,2,2010,2015
1432,"String, Bands and Reels",2017,1,2010,2015
1433,"String, Bands and Reels",2018,3,2010,2015
1434,"String, Bands and Reels",2019,1,2010,2015
1435,"String, Bands and Reels",2021,7,2020,2020
1436,"String, Bands and Reels",2022,1,2020,2020
1437,"String, Bands and Reels",2023,2,2020,2020
1438,"Supports, Girders and Cranes",1967,1,1960,1965
1439,"Supports, Girders and Cranes",1969,2,1960,1965
1440,"Supports, Girders and Cranes",1971,2,1970,1970
1441,"Supports, Girders and Cranes",1974,1,1970,1970
1442,"Supports, Girders and Cranes",1979,3,1970,1975
1443,"Supports, Girders and Cranes",1980,2,1980,1980
1444,"Supports, Girders and Cranes",1983,1,1980,1980
1445,"Supports, Girders and Cranes",1984,1,1980,1980
1446,"Supports, Girders and Cranes",1985,2,1980,1985
1447,"Supports, Girders and Cranes",1986,3,1980,1985
1448,"Supports, Girders and Cranes",1987,4,1980,1985
1449,"Supports, Girders and Cranes",1988,4,1980,1985
1450,"Supports, Girders and Cranes",1989,2,1980,1985
1451,"Supports, Girders and Cranes",1990,1,1990,1990
1452,"Supports, Girders and Cranes",1991,7,1990,1990
1453,"Supports, Girders and Cranes",1993,1,1990,1990
1454,"Supports, Girders and Cranes",1994,1,1990,1990
1455,"Supports, Girders and Cranes",1996,1,1990,1995
1456,"Supports, Girders and Cranes",1997,1,1990,1995
1457,"Supports, Girders and Cranes",1998,4,1990,1995
1458,"Supports, Girders and Cranes",1999,1,1990,1995
1459,"Supports, Girders and Cranes",2000,3,2000,2000
1460,"Supports, Girders and Cranes",2001,3,2000,2000
1461,"Supports, Girders and Cranes",2003,3,2000,2000
1462,"Supports, Girders and Cranes",2004,2,2000,2000
1463,"Supports, Girders and Cranes",2005,5,2000,2005
1464,"Supports, Girders and Cranes",2006,1,2000,2005
1465,"Supports, Girders and Cranes",2007,2,2000,2005
1466,"Supports, Girders and Cranes",2009,2,2000,2005
1467,"Supports, Girders and Cranes",2010,3,2010,2010
1468,"Supports, Girders and Cranes",2011,2,2010,2010
1469,"Supports, Girders and Cranes",2012,1,2010,2010
1470,"Supports, Girders and Cranes",2022,2,2020,2020
1471,"Supports, Girders and Cranes",2023,2,2020,2020
1472,Technic Axles,1970,5,1970,1970
1473,Technic Axles,1974,1,1970,1970
1474,Technic Axles,1977,2,1970,1975
1475,Technic Axles,1983,1,1980,1980
1476,Technic Axles,1984,2,1980,1980
1477,Technic Axles,1986,1,1980,1985
1478,Technic Axles,1995,2,1990,1995
1479,Technic Axles,1997,1,1990,1995
1480,Technic Axles,1998,1,1990,1995
1481,Technic Axles,2003,1,2000,2000
1482,Technic Axles,2004,2,2000,2000
1483,Technic Axles,2006,2,2000,2005
1484,Technic Axles,2009,2,2000,2005
1485,Technic Axles,2012,1,2010,2010
1486,Technic Axles,2014,1,2010,2010
1487,Technic Axles,2016,2,2010,2015
1488,Technic Beams,1989,1,1980,1985
1489,Technic Beams,1991,1,1990,1990
1490,Technic Beams,1995,1,1990,1995
1491,Technic Beams,1996,1,1990,1995
1492,Technic Beams,1997,2,1990,1995
1493,Technic Beams,1998,3,1990,1995
1494,Technic Beams,1999,2,1990,1995
1495,Technic Beams,2000,9,2000,2000
1496,Technic Beams,2001,3,2000,2000
1497,Technic Beams,2002,3,2000,2000
1498,Technic Beams,2004,1,2000,2000
1499,Technic Beams,2008,1,2000,2005
1500,Technic Beams,2009,2,2000,2005
1501,Technic Beams,2013,1,2010,2010
1502,Technic Beams,2017,1,2010,2015
1503,Technic Beams,2019,1,2010,2015
1504,Technic Beams,2020,1,2020,2020
1505,Technic Beams,2021,6,2020,2020
1506,Technic Beams,2022,2,2020,2020
1507,Technic Beams,2023,3,2020,2020
1508,Technic Beams Special,1998,1,1990,1995
1509,Technic Beams Special,1999,2,1990,1995
1510,Technic Beams Special,2000,1,2000,2000
1511,Technic Beams Special,2002,2,2000,2000
1512,Technic Beams Special,2003,3,2000,2000
1513,Technic Beams Special,2004,1,2000,2000
1514,Technic Beams Special,2005,2,2000,2005
1515,Technic Beams Special,2006,2,2000,2005
1516,Technic Beams Special,2009,5,2000,2005
1517,Technic Beams Special,2012,1,2010,2010
1518,Technic Beams Special,2014,1,2010,2010
1519,Technic Beams Special,2015,1,2010,2015
1520,Technic Beams Special,2019,2,2010,2015
1521,Technic Beams Special,2020,2,2020,2020
1522,Technic Beams Special,2021,1,2020,2020
1523,Technic Beams Special,2022,3,2020,2020
1524,Technic Beams Special,2023,1,2020,2020
1525,Technic Bricks,1970,2,1970,1970
1526,Technic Bricks,1976,1,1970,1975
1527,Technic Bricks,1977,4,1970,1975
1528,Technic Bricks,1979,2,1970,1975
1529,Technic Bricks,1988,2,1980,1985
1530,Technic Bricks,1990,1,1990,1990
1531,Technic Bricks,1993,1,1990,1990
1532,Technic Bricks,1996,1,1990,1995
1533,Technic Bricks,1997,2,1990,1995
1534,Technic Bricks,1998,1,1990,1995
1535,Technic Bricks,1999,1,1990,1995
1536,Technic Bricks,2000,2,2000,2000
1537,Technic Bricks,2001,3,2000,2000
1538,Technic Bricks,2002,1,2000,2000
1539,Technic Bricks,2005,1,2000,2005
1540,Technic Bricks,2021,2,2020,2020
1541,Technic Bricks,2022,1,2020,2020
1542,Technic Bushes,1970,1,1970,1970
1543,Technic Bushes,1974,1,1970,1970
1544,Technic Bushes,1977,1,1970,1975
1545,Technic Bushes,1980,1,1980,1980
1546,Technic Bushes,1990,1,1990,1990
1547,Technic Bushes,1997,1,1990,1995
1548,Technic Bushes,2005,1,2000,2005
1549,Technic Connectors,1977,1,1970,1975
1550,Technic Connectors,1980,1,1980,1980
1551,Technic Connectors,1981,1,1980,1980
1552,Technic Connectors,1993,3,1990,1990
1553,Technic Connectors,1995,2,1990,1995
1554,Technic Connectors,1997,6,1990,1995
1555,Technic Connectors,1998,2,1990,1995
1556,Technic Connectors,1999,9,1990,1995
1557,Technic Connectors,2000,12,2000,2000
1558,Technic Connectors,2001,2,2000,2000
1559,Technic Connectors,2002,3,2000,2000
1560,Technic Connectors,2003,5,2000,2000
1561,Technic Connectors,2004,11,2000,2000
1562,Technic Connectors,2005,1,2000,2005
1563,Technic Connectors,2006,4,2000,2005
1564,Technic Connectors,2007,2,2000,2005
1565,Technic Connectors,2008,5,2000,2005
1566,Technic Connectors,2009,2,2000,2005
1567,Technic Connectors,2010,7,2010,2010
1568,Technic Connectors,2011,1,2010,2010
1569,Technic Connectors,2012,4,2010,2010
1570,Technic Connectors,2013,2,2010,2010
1571,Technic Connectors,2014,4,2010,2010
1572,Technic Connectors,2015,2,2010,2015
1573,Technic Connectors,2016,3,2010,2015
1574,Technic Connectors,2017,1,2010,2015
1575,Technic Connectors,2018,1,2010,2015
1576,Technic Connectors,2019,6,2010,2015
1577,Technic Connectors,2020,2,2020,2020
1578,Technic Connectors,2021,3,2020,2020
1579,Technic Connectors,2022,1,2020,2020
1580,Technic Connectors,2023,1,2020,2020
1581,Technic Gears,1965,4,1960,1965
1582,Technic Gears,1970,3,1970,1970
1583,Technic Gears,1977,5,1970,1975
1584,Technic Gears,1979,1,1970,1975
1585,Technic Gears,1980,2,1980,1980
1586,Technic Gears,1982,1,1980,1980
1587,Technic Gears,1985,1,1980,1985
1588,Technic Gears,1987,1,1980,1985
1589,Technic Gears,1991,2,1990,1990
1590,Technic Gears,1993,2,1990,1990
1591,Technic Gears,1994,4,1990,1990
1592,Technic Gears,1995,1,1990,1995
1593,Technic Gears,1996,1,1990,1995
1594,Technic Gears,1997,2,1990,1995
1595,Technic Gears,1998,2,1990,1995
1596,Technic Gears,1999,6,1990,1995
1597,Technic Gears,2000,1,2000,2000
1598,Technic Gears,2002,3,2000,2000
1599,Technic Gears,2003,1,2000,2000
1600,Technic Gears,2005,1,2000,2005
1601,Technic Gears,2007,2,2000,2005
1602,Technic Gears,2008,2,2000,2005
1603,Technic Gears,2009,4,2000,2005
1604,Technic Gears,2010,3,2010,2010
1605,Technic Gears,2013,4,2010,2010
1606,Technic Gears,2014,1,2010,2010
1607,Technic Gears,2015,4,2010,2015
1608,Technic Gears,2016,2,2010,2015
1609,Technic Gears,2017,1,2010,2015
1610,Technic Gears,2018,3,2010,2015
1611,Technic Gears,2019,3,2010,2015
1612,Technic Gears,2020,2,2020,2020
1613,Technic Gears,2021,1,2020,2020
1614,Technic Gears,2022,5,2020,2020
1615,Technic Gears,2023,1,2020,2020
1616,Technic Panels,1999,6,1990,1995
1617,Technic Panels,2000,2,2000,2000
1618,Technic Panels,2001,2,2000,2000
1619,Technic Panels,2002,4,2000,2000
1620,Technic Panels,2004,14,2000,2000
1621,Technic Panels,2008,5,2000,2005
1622,Technic Panels,2009,9,2000,2005
1623,Technic Panels,2010,2,2010,2010
1624,Technic Panels,2013,3,2010,2010
1625,Technic Panels,2014,1,2010,2010
1626,Technic Panels,2015,2,2010,2015
1627,Technic Panels,2016,5,2010,2015
1628,Technic Panels,2019,6,2010,2015
1629,Technic Panels,2020,7,2020,2020
1630,Technic Panels,2021,8,2020,2020
1631,Technic Panels,2022,17,2020,2020
1632,Technic Panels,2023,18,2020,2020
1633,Technic Pins,1977,1,1970,1975
1634,Technic Pins,1978,1,1970,1975
1635,Technic Pins,1980,1,1980,1980
1636,Technic Pins,1982,1,1980,1980
1637,Technic Pins,1988,1,1980,1985
1638,Technic Pins,1990,1,1990,1990
1639,Technic Pins,1993,1,1990,1990
1640,Technic Pins,1995,1,1990,1995
1641,Technic Pins,1996,2,1990,1995
1642,Technic Pins,1997,1,1990,1995
1643,Technic Pins,1999,1,1990,1995
1644,Technic Pins,2001,1,2000,2000
1645,Technic Pins,2002,2,2000,2000
1646,Technic Pins,2004,2,2000,2000
1647,Technic Pins,2007,1,2000,2005
1648,Technic Pins,2008,1,2000,2005
1649,Technic Pins,2014,3,2010,2010
1650,Technic Pins,2015,2,2010,2015
1651,Technic Pins,2018,1,2010,2015
1652,Technic Pins,2019,4,2010,2015
1653,Technic Pins,2021,3,2020,2020
1654,Technic Pins,2022,2,2020,2020
1655,Technic Special,1974,1,1970,1970
1656,Technic Special,1978,1,1970,1975
1657,Technic Special,1979,1,1970,1975
1658,Technic Special,1981,2,1980,1980
1659,Technic Special,1982,1,1980,1980
1660,Technic Special,1984,1,1980,1980
1661,Technic Special,1986,5,1980,1985
1662,Technic Special,1987,4,1980,1985
1663,Technic Special,1990,1,1990,1990
1664,Technic Special,1991,14,1990,1990
1665,Technic Special,1992,2,1990,1990
1666,Technic Special,1993,3,1990,1990
1667,Technic Special,1994,6,1990,1990
1668,Technic Special,1995,13,1990,1995
1669,Technic Special,1996,2,1990,1995
1670,Technic Special,1997,3,1990,1995
1671,Technic Special,1998,3,1990,1995
1672,Technic Special,1999,19,1990,1995
1673,Technic Special,2000,6,2000,2000
1674,Technic Special,2001,3,2000,2000
1675,Technic Special,2002,1,2000,2000
1676,Technic Special,2003,3,2000,2000
1677,Technic Special,2004,9,2000,2000
1678,Technic Special,2005,3,2000,2005
1679,Technic Special,2006,3,2000,2005
1680,Technic Special,2007,6,2000,2005
1681,Technic Special,2008,3,2000,2005
1682,Technic Special,2009,2,2000,2005
1683,Technic Special,2010,2,2010,2010
1684,Technic Special,2011,2,2010,2010
1685,Technic Special,2012,4,2010,2010
1686,Technic Special,2013,3,2010,2010
1687,Technic Special,2014,5,2010,2010
1688,Technic Special,2015,5,2010,2015
1689,Technic Special,2016,9,2010,2015
1690,Technic Special,2017,5,2010,2015
1691,Technic Special,2018,6,2010,2015
1692,Technic Special,2019,2,2010,2015
1693,Technic Special,2020,7,2020,2020
1694,Technic Special,2021,9,2020,2020
1695,Technic Special,2022,10,2020,2020
1696,Technic Special,2023,2,2020,2020
1697,"Technic Steering, Suspension and Engine",1972,1,1970,1970
1698,"Technic Steering, Suspension and Engine",1977,3,1970,1975
1699,"Technic Steering, Suspension and Engine",1980,1,1980,1980
1700,"Technic Steering, Suspension and Engine",1981,1,1980,1980
1701,"Technic Steering, Suspension and Engine",1988,8,1980,1985
1702,"Technic Steering, Suspension and Engine",1990,5,1990,1990
1703,"Technic Steering, Suspension and Engine",1991,2,1990,1990
1704,"Technic Steering, Suspension and Engine",1993,1,1990,1990
1705,"Technic Steering, Suspension and Engine",1994,4,1990,1990
1706,"Technic Steering, Suspension and Engine",1996,1,1990,1995
1707,"Technic Steering, Suspension and Engine",1997,1,1990,1995
1708,"Technic Steering, Suspension and Engine",1998,1,1990,1995
1709,"Technic Steering, Suspension and Engine",1999,5,1990,1995
1710,"Technic Steering, Suspension and Engine",2000,4,2000,2000
1711,"Technic Steering, Suspension and Engine",2001,4,2000,2000
1712,"Technic Steering, Suspension and Engine",2002,4,2000,2000
1713,"Technic Steering, Suspension and Engine",2003,7,2000,2000
1714,"Technic Steering, Suspension and Engine",2004,2,2000,2000
1715,"Technic Steering, Suspension and Engine",2005,1,2000,2005
1716,"Technic Steering, Suspension and Engine",2008,3,2000,2005
1717,"Technic Steering, Suspension and Engine",2011,7,2010,2010
1718,"Technic Steering, Suspension and Engine",2013,4,2010,2010
1719,"Technic Steering, Suspension and Engine",2014,2,2010,2010
1720,"Technic Steering, Suspension and Engine",2016,1,2010,2015
1721,"Technic Steering, Suspension and Engine",2018,2,2010,2015
1722,"Technic Steering, Suspension and Engine",2019,6,2010,2015
1723,"Technic Steering, Suspension and Engine",2020,4,2020,2020
1724,"Technic Steering, Suspension and Engine",2021,2,2020,2020
1725,"Technic Steering, Suspension and Engine",2022,5,2020,2020
1726,"Technic Steering, Suspension and Engine",2023,1,2020,2020
1727,Tiles,1965,3,1960,1965
1728,Tiles,1969,2,1960,1965
1729,Tiles,1971,1,1970,1970
1730,Tiles,1974,2,1970,1970
1731,Tiles,1976,1,1970,1975
1732,Tiles,1978,1,1970,1975
1733,Tiles,1979,20,1970,1975
1734,Tiles,1980,14,1980,1980
1735,Tiles,1981,2,1980,1980
1736,Tiles,1982,5,1980,1980
1737,Tiles,1983,2,1980,1980
1738,Tiles,1984,4,1980,1980
1739,Tiles,1985,8,1980,1985
1740,Tiles,1986,10,1980,1985
1741,Tiles,1987,22,1980,1985
1742,Tiles,1988,19,1980,1985
1743,Tiles,1989,4,1980,1985
1744,Tiles,1990,7,1990,1990
1745,Tiles,1991,5,1990,1990
1746,Tiles,1992,4,1990,1990
1747,Tiles,1993,7,1990,1990
1748,Tiles,1994,6,1990,1990
1749,Tiles,1995,9,1990,1995
1750,Tiles,1996,11,1990,1995
1751,Tiles,1997,16,1990,1995
1752,Tiles,1998,21,1990,1995
1753,Tiles,1999,17,1990,1995
1754,Tiles,2000,15,2000,2000
1755,Tiles,2001,5,2000,2000
1756,Tiles,2002,20,2000,2000
1757,Tiles,2003,30,2000,2000
1758,Tiles,2004,58,2000,2000
1759,Tiles,2005,13,2000,2005
1760,Tiles,2006,4,2000,2005
1761,Tiles,2007,4,2000,2005
1762,Tiles,2008,8,2000,2005
1763,Tiles,2009,41,2000,2005
1764,Tiles,2010,41,2010,2010
1765,Tiles,2011,59,2010,2010
1766,Tiles,2012,71,2010,2010
1767,Tiles,2013,73,2010,2010
1768,Tiles,2014,39,2010,2010
1769,Tiles,2015,75,2010,2015
1770,Tiles,2016,100,2010,2015
1771,Tiles,2017,163,2010,2015
1772,Tiles,2018,107,2010,2015
1773,Tiles,2019,120,2010,2015
1774,Tiles,2020,208,2020,2020
1775,Tiles,2021,394,2020,2020
1776,Tiles,2022,269,2020,2020
1777,Tiles,2023,189,2020,2020
1778,Tiles Round and Curved,1980,4,1980,1980
1779,Tiles Round and Curved,1983,2,1980,1980
1780,Tiles Round and Curved,1986,1,1980,1985
1781,Tiles Round and Curved,1987,1,1980,1985
1782,Tiles Round and Curved,1988,1,1980,1985
1783,Tiles Round and Curved,1990,1,1990,1990
1784,Tiles Round and Curved,1994,3,1990,1990
1785,Tiles Round and Curved,1995,3,1990,1995
1786,Tiles Round and Curved,1999,3,1990,1995
1787,Tiles Round and Curved,2000,3,2000,2000
1788,Tiles Round and Curved,2001,8,2000,2000
1789,Tiles Round and Curved,2002,3,2000,2000
1790,Tiles Round and Curved,2003,3,2000,2000
1791,Tiles Round and Curved,2004,1,2000,2000
1792,Tiles Round and Curved,2005,1,2000,2005
1793,Tiles Round and Curved,2006,1,2000,2005
1794,Tiles Round and Curved,2010,1,2010,2010
1795,Tiles Round and Curved,2011,5,2010,2010
1796,Tiles Round and Curved,2012,13,2010,2010
1797,Tiles Round and Curved,2013,5,2010,2010
1798,Tiles Round and Curved,2014,18,2010,2010
1799,Tiles Round and Curved,2015,33,2010,2015
1800,Tiles Round and Curved,2016,62,2010,2015
1801,Tiles Round and Curved,2017,40,2010,2015
1802,Tiles Round and Curved,2018,34,2010,2015
1803,Tiles Round and Curved,2019,41,2010,2015
1804,Tiles Round and Curved,2020,91,2020,2020
1805,Tiles Round and Curved,2021,211,2020,2020
1806,Tiles Round and Curved,2022,152,2020,2020
1807,Tiles Round and Curved,2023,82,2020,2020
1808,Tiles Special,1980,4,1980,1980
1809,Tiles Special,1986,1,1980,1985
1810,Tiles Special,1987,2,1980,1985
1811,Tiles Special,1988,1,1980,1985
1812,Tiles Special,1989,1,1980,1985
1813,Tiles Special,1990,92,1990,1990
1814,Tiles Special,1991,1,1990,1990
1815,Tiles Special,1994,1,1990,1990
1816,Tiles Special,1999,3,1990,1995
1817,Tiles Special,2002,1,2000,2000
1818,Tiles Special,2004,1,2000,2000
1819,Tiles Special,2006,2,2000,2005
1820,Tiles Special,2011,4,2010,2010
1821,Tiles Special,2012,8,2010,2010
1822,Tiles Special,2013,2,2010,2010
1823,Tiles Special,2014,1,2010,2010
1824,Tiles Special,2015,2,2010,2015
1825,Tiles Special,2016,58,2010,2015
1826,Tiles Special,2017,101,2010,2015
1827,Tiles Special,2018,26,2010,2015
1828,Tiles Special,2019,5,2010,2015
1829,Tiles Special,2020,20,2020,2020
1830,Tiles Special,2021,15,2020,2020
1831,Tiles Special,2022,22,2020,2020
1832,Tiles Special,2023,9,2020,2020
1833,Tools,1969,1,1960,1965
1834,Tools,1981,1,1980,1980
1835,Tools,1986,1,1980,1985
1836,Tools,2004,1,2000,2000
1837,Tools,2005,1,2000,2005
1838,Tools,2008,1,2000,2005
1839,Tools,2009,1,2000,2005
1840,Tools,2013,2,2010,2010
1841,Tools,2015,1,2010,2015
1842,Tools,2018,4,2010,2015
1843,Tools,2020,3,2020,2020
1844,Tools,2021,3,2020,2020
1845,Transportation - Land,1966,5,1960,1965
1846,Transportation - Land,1967,5,1960,1965
1847,Transportation - Land,1968,7,1960,1965
1848,Transportation - Land,1969,3,1960,1965
1849,Transportation - Land,1970,3,1970,1970
1850,Transportation - Land,1971,5,1970,1970
1851,Transportation - Land,1972,10,1970,1970
1852,Transportation - Land,1973,3,1970,1970
1853,Transportation - Land,1974,3,1970,1970
1854,Transportation - Land,1975,1,1970,1975
1855,Transportation - Land,1976,2,1970,1975
1856,Transportation - Land,1978,4,1970,1975
1857,Transportation - Land,1979,1,1970,1975
1858,Transportation - Land,1980,19,1980,1980
1859,Transportation - Land,1981,2,1980,1980
1860,Transportation - Land,1983,6,1980,1980
1861,Transportation - Land,1984,1,1980,1980
1862,Transportation - Land,1985,3,1980,1985
1863,Transportation - Land,1987,3,1980,1985
1864,Transportation - Land,1988,11,1980,1985
1865,Transportation - Land,1989,2,1980,1985
1866,Transportation - Land,1990,2,1990,1990
1867,Transportation - Land,1991,11,1990,1990
1868,Transportation - Land,1992,1,1990,1990
1869,Transportation - Land,1993,1,1990,1990
1870,Transportation - Land,1994,1,1990,1990
1871,Transportation - Land,1995,2,1990,1995
1872,Transportation - Land,1996,8,1990,1995
1873,Transportation - Land,1997,6,1990,1995
1874,Transportation - Land,1998,6,1990,1995
1875,Transportation - Land,1999,6,1990,1995
1876,Transportation - Land,2000,2,2000,2000
1877,Transportation - Land,2001,34,2000,2000
1878,Transportation - Land,2002,12,2000,2000
1879,Transportation - Land,2003,19,2000,2000
1880,Transportation - Land,2004,5,2000,2000
1881,Transportation - Land,2005,17,2000,2005
1882,Transportation - Land,2006,11,2000,2005
1883,Transportation - Land,2007,6,2000,2005
1884,Transportation - Land,2008,3,2000,2005
1885,Transportation - Land,2009,44,2000,2005
1886,Transportation - Land,2010,8,2010,2010
1887,Transportation - Land,2011,11,2010,2010
1888,Transportation - Land,2012,17,2010,2010
1889,Transportation - Land,2013,22,2010,2010
1890,Transportation - Land,2014,16,2010,2010
1891,Transportation - Land,2015,10,2010,2015
1892,Transportation - Land,2016,8,2010,2015
1893,Transportation - Land,2017,35,2010,2015
1894,Transportation - Land,2018,9,2010,2015
1895,Transportation - Land,2019,7,2010,2015
1896,Transportation - Land,2020,7,2020,2020
1897,Transportation - Land,2021,19,2020,2020
1898,Transportation - Land,2022,16,2020,2020
1899,Transportation - Land,2023,14,2020,2020
1900,Transportation - Sea and Air,1972,2,1970,1970
1901,Transportation - Sea and Air,1973,5,1970,1970
1902,Transportation - Sea and Air,1974,5,1970,1970
1903,Transportation - Sea and Air,1976,6,1970,1975
1904,Transportation - Sea and Air,1978,1,1970,1975
1905,Transportation - Sea and Air,1979,1,1970,1975
1906,Transportation - Sea and Air,1981,1,1980,1980
1907,Transportation - Sea and Air,1982,3,1980,1980
1908,Transportation - Sea and Air,1984,4,1980,1980
1909,Transportation - Sea and Air,1985,10,1980,1985
1910,Transportation - Sea and Air,1986,3,1980,1985
1911,Transportation - Sea and Air,1987,5,1980,1985
1912,Transportation - Sea and Air,1988,2,1980,1985
1913,Transportation - Sea and Air,1989,9,1980,1985
1914,Transportation - Sea and Air,1990,1,1990,1990
1915,Transportation - Sea and Air,1991,1,1990,1990
1916,Transportation - Sea and Air,1992,9,1990,1990
1917,Transportation - Sea and Air,1993,5,1990,1990
1918,Transportation - Sea and Air,1994,2,1990,1990
1919,Transportation - Sea and Air,1995,5,1990,1995
1920,Transportation - Sea and Air,1996,10,1990,1995
1921,Transportation - Sea and Air,1997,5,1990,1995
1922,Transportation - Sea and Air,1998,6,1990,1995
1923,Transportation - Sea and Air,1999,14,1990,1995
1924,Transportation - Sea and Air,2000,1,2000,2000
1925,Transportation - Sea and Air,2001,3,2000,2000
1926,Transportation - Sea and Air,2002,11,2000,2000
1927,Transportation - Sea and Air,2003,4,2000,2000
1928,Transportation - Sea and Air,2004,14,2000,2000
1929,Transportation - Sea and Air,2005,4,2000,2005
1930,Transportation - Sea and Air,2006,4,2000,2005
1931,Transportation - Sea and Air,2007,4,2000,2005
1932,Transportation - Sea and Air,2008,6,2000,2005
1933,Transportation - Sea and Air,2009,2,2000,2005
1934,Transportation - Sea and Air,2010,4,2010,2010
1935,Transportation - Sea and Air,2011,4,2010,2010
1936,Transportation - Sea and Air,2012,1,2010,2010
1937,Transportation - Sea and Air,2014,2,2010,2010
1938,Transportation - Sea and Air,2015,4,2010,2015
1939,Transportation - Sea and Air,2016,3,2010,2015
1940,Transportation - Sea and Air,2017,5,2010,2015
1941,Transportation - Sea and Air,2018,2,2010,2015
1942,Transportation - Sea and Air,2019,2,2010,2015
1943,Transportation - Sea and Air,2020,14,2020,2020
1944,Transportation - Sea and Air,2021,6,2020,2020
1945,Transportation - Sea and Air,2022,3,2020,2020
1946,Transportation - Sea and Air,2023,2,2020,2020
1947,Tubes and Hoses,1977,1,1970,1975
1948,Tubes and Hoses,1980,1,1980,1980
1949,Tubes and Hoses,1982,1,1980,1980
1950,Tubes and Hoses,1983,2,1980,1980
1951,Tubes and Hoses,1984,7,1980,1980
1952,Tubes and Hoses,1985,2,1980,1985
1953,Tubes and Hoses,1986,1,1980,1985
1954,Tubes and Hoses,1987,1,1980,1985
1955,Tubes and Hoses,1989,8,1980,1985
1956,Tubes and Hoses,1991,5,1990,1990
1957,Tubes and Hoses,1992,7,1990,1990
1958,Tubes and Hoses,1993,4,1990,1990
1959,Tubes and Hoses,1994,2,1990,1990
1960,Tubes and Hoses,1995,11,1990,1995
1961,Tubes and Hoses,1996,7,1990,1995
1962,Tubes and Hoses,1997,10,1990,1995
1963,Tubes and Hoses,1998,22,1990,1995
1964,Tubes and Hoses,1999,14,1990,1995
1965,Tubes and Hoses,2000,3,2000,2000
1966,Tubes and Hoses,2001,6,2000,2000
1967,Tubes and Hoses,2002,6,2000,2000
1968,Tubes and Hoses,2003,6,2000,2000
1969,Tubes and Hoses,2004,6,2000,2000
1970,Tubes and Hoses,2005,2,2000,2005
1971,Tubes and Hoses,2006,1,2000,2005
1972,Tubes and Hoses,2007,3,2000,2005
1973,Tubes and Hoses,2008,1,2000,2005
1974,Tubes and Hoses,2009,2,2000,2005
1975,Tubes and Hoses,2010,6,2010,2010
1976,Tubes and Hoses,2011,5,2010,2010
1977,Tubes and Hoses,2012,1,2010,2010
1978,Tubes and Hoses,2013,2,2010,2010
1979,Tubes and Hoses,2014,1,2010,2010
1980,Tubes and Hoses,2015,2,2010,2015
1981,Tubes and Hoses,2016,4,2010,2015
1982,Tubes and Hoses,2017,5,2010,2015
1983,Tubes and Hoses,2019,2,2010,2015
1984,Tubes and Hoses,2020,3,2020,2020
1985,Tubes and Hoses,2021,1,2020,2020
1986,Tubes and Hoses,2022,4,2020,2020
1987,Tubes and Hoses,2023,2,2020,2020
1988,Wheels and Tyres,1959,3,1950,1955
1989,Wheels and Tyres,1963,4,1960,1960
1990,Wheels and Tyres,1966,7,1960,1965
1991,Wheels and Tyres,1967,1,1960,1965
1992,Wheels and Tyres,1968,2,1960,1965
1993,Wheels and Tyres,1969,7,1960,1965
1994,Wheels and Tyres,1971,1,1970,1970
1995,Wheels and Tyres,1972,4,1970,1970
1996,Wheels and Tyres,1974,2,1970,1970
1997,Wheels and Tyres,1976,2,1970,1975
1998,Wheels and Tyres,1977,2,1970,1975
1999,Wheels and Tyres,1978,1,1970,1975
2000,Wheels and Tyres,1980,6,1980,1980
2001,Wheels and Tyres,1981,3,1980,1980
2002,Wheels and Tyres,1982,1,1980,1980
2003,Wheels and Tyres,1983,1,1980,1980
2004,Wheels and Tyres,1984,3,1980,1980
2005,Wheels and Tyres,1985,1,1980,1985
2006,Wheels and Tyres,1986,4,1980,1985
2007,Wheels and Tyres,1988,1,1980,1985
2008,Wheels and Tyres,1989,1,1980,1985
2009,Wheels and Tyres,1990,2,1990,1990
2010,Wheels and Tyres,1991,7,1990,1990
2011,Wheels and Tyres,1993,6,1990,1990
2012,Wheels and Tyres,1994,5,1990,1990
2013,Wheels and Tyres,1995,7,1990,1995
2014,Wheels and Tyres,1996,5,1990,1995
2015,Wheels and Tyres,1997,4,1990,1995
2016,Wheels and Tyres,1998,11,1990,1995
2017,Wheels and Tyres,1999,11,1990,1995
2018,Wheels and Tyres,2000,6,2000,2000
2019,Wheels and Tyres,2001,3,2000,2000
2020,Wheels and Tyres,2002,10,2000,2000
2021,Wheels and Tyres,2003,11,2000,2000
2022,Wheels and Tyres,2004,6,2000,2000
2023,Wheels and Tyres,2005,13,2000,2005
2024,Wheels and Tyres,2006,13,2000,2005
2025,Wheels and Tyres,2007,9,2000,2005
2026,Wheels and Tyres,2008,7,2000,2005
2027,Wheels and Tyres,2009,12,2000,2005
2028,Wheels and Tyres,2010,4,2010,2010
2029,Wheels and Tyres,2011,8,2010,2010
2030,Wheels and Tyres,2012,4,2010,2010
2031,Wheels and Tyres,2013,7,2010,2010
2032,Wheels and Tyres,2014,8,2010,2010
2033,Wheels and Tyres,2015,7,2010,2015
2034,Wheels and Tyres,2016,8,2010,2015
2035,Wheels and Tyres,2017,7,2010,2015
2036,Wheels and Tyres,2018,2,2010,2015
2037,Wheels and Tyres,2019,11,2010,2015
2038,Wheels and Tyres,2020,11,2020,2020
2039,Wheels and Tyres,2021,11,2020,2020
2040,Wheels and Tyres,2022,14,2020,2020
2041,Wheels and Tyres,2023,5,2020,2020
2042,Windows and Doors,1949,4,1940,1945
2043,Windows and Doors,1954,13,1950,1950
2044,Windows and Doors,1955,13,1950,1955
2045,Windows and Doors,1956,7,1950,1955
2046,Windows and Doors,1957,3,1950,1955
2047,Windows and Doors,1966,10,1960,1965
2048,Windows and Doors,1968,13,1960,1965
2049,Windows and Doors,1969,8,1960,1965
2050,Windows and Doors,1970,9,1970,1970
2051,Windows and Doors,1971,5,1970,1970
2052,Windows and Doors,1973,3,1970,1970
2053,Windows and Doors,1976,2,1970,1975
2054,Windows and Doors,1978,11,1970,1975
2055,Windows and Doors,1979,3,1970,1975
2056,Windows and Doors,1980,15,1980,1980
2057,Windows and Doors,1981,12,1980,1980
2058,Windows and Doors,1982,2,1980,1980
2059,Windows and Doors,1983,8,1980,1980
2060,Windows and Doors,1984,2,1980,1980
2061,Windows and Doors,1985,4,1980,1985
2062,Windows and Doors,1986,6,1980,1985
2063,Windows and Doors,1987,2,1980,1985
2064,Windows and Doors,1988,3,1980,1985
2065,Windows and Doors,1989,2,1980,1985
2066,Windows and Doors,1990,3,1990,1990
2067,Windows and Doors,1991,7,1990,1990
2068,Windows and Doors,1992,1,1990,1990
2069,Windows and Doors,1993,5,1990,1990
2070,Windows and Doors,1994,4,1990,1990
2071,Windows and Doors,1995,5,1990,1995
2072,Windows and Doors,1996,6,1990,1995
2073,Windows and Doors,1997,7,1990,1995
2074,Windows and Doors,1998,10,1990,1995
2075,Windows and Doors,1999,10,1990,1995
2076,Windows and Doors,2000,5,2000,2000
2077,Windows and Doors,2001,5,2000,2000
2078,Windows and Doors,2003,10,2000,2000
2079,Windows and Doors,2004,2,2000,2000
2080,Windows and Doors,2005,2,2000,2005
2081,Windows and Doors,2006,3,2000,2005
2082,Windows and Doors,2007,4,2000,2005
2083,Windows and Doors,2008,19,2000,2005
2084,Windows and Doors,2009,4,2000,2005
2085,Windows and Doors,2010,7,2010,2010
2086,Windows and Doors,2011,4,2010,2010
2087,Windows and Doors,2012,1,2010,2010
2088,Windows and Doors,2013,2,2010,2010
2089,Windows and Doors,2014,5,2010,2010
2090,Windows and Doors,2015,11,2010,2015
2091,Windows and Doors,2016,7,2010,2015
2092,Windows and Doors,2017,5,2010,2015
2093,Windows and Doors,2018,13,2010,2015
2094,Windows and Doors,2019,14,2010,2015
2095,Windows and Doors,2020,4,2020,2020
2096,Windows and Doors,2021,5,2020,2020
2097,Windows and Doors,2022,9,2020,2020
2098,Windows and Doors,2023,6,2020,2020
2099,Windscreens and Fuselage,1974,2,1970,1970
2100,Windscreens and Fuselage,1976,1,1970,1975
2101,Windscreens and Fuselage,1980,1,1980,1980
2102,Windscreens and Fuselage,1982,1,1980,1980
2103,Windscreens and Fuselage,1983,3,1980,1980
2104,Windscreens and Fuselage,1984,1,1980,1980
2105,Windscreens and Fuselage,1985,2,1980,1985
2106,Windscreens and Fuselage,1986,3,1980,1985
2107,Windscreens and Fuselage,1987,3,1980,1985
2108,Windscreens and Fuselage,1988,1,1980,1985
2109,Windscreens and Fuselage,1989,1,1980,1985
2110,Windscreens and Fuselage,1990,2,1990,1990
2111,Windscreens and Fuselage,1991,7,1990,1990
2112,Windscreens and Fuselage,1992,2,1990,1990
2113,Windscreens and Fuselage,1993,1,1990,1990
2114,Windscreens and Fuselage,1994,2,1990,1990
2115,Windscreens and Fuselage,1995,6,1990,1995
2116,Windscreens and Fuselage,1996,2,1990,1995
2117,Windscreens and Fuselage,1997,2,1990,1995
2118,Windscreens and Fuselage,1998,6,1990,1995
2119,Windscreens and Fuselage,1999,8,1990,1995
2120,Windscreens and Fuselage,2000,6,2000,2000
2121,Windscreens and Fuselage,2001,12,2000,2000
2122,Windscreens and Fuselage,2002,27,2000,2000
2123,Windscreens and Fuselage,2003,12,2000,2000
2124,Windscreens and Fuselage,2004,11,2000,2000
2125,Windscreens and Fuselage,2005,3,2000,2005
2126,Windscreens and Fuselage,2006,9,2000,2005
2127,Windscreens and Fuselage,2007,7,2000,2005
2128,Windscreens and Fuselage,2008,10,2000,2005
2129,Windscreens and Fuselage,2009,6,2000,2005
2130,Windscreens and Fuselage,2010,16,2010,2010
2131,Windscreens and Fuselage,2011,19,2010,2010
2132,Windscreens and Fuselage,2012,10,2010,2010
2133,Windscreens and Fuselage,2013,12,2010,2010
2134,Windscreens and Fuselage,2014,6,2010,2010
2135,Windscreens and Fuselage,2015,18,2010,2015
2136,Windscreens and Fuselage,2016,16,2010,2015
2137,Windscreens and Fuselage,2017,23,2010,2015
2138,Windscreens and Fuselage,2018,9,2010,2015
2139,Windscreens and Fuselage,2019,15,2010,2015
2140,Windscreens and Fuselage,2020,20,2020,2020
2141,Windscreens and Fuselage,2021,22,2020,2020
2142,Windscreens and Fuselage,2022,28,2020,2020
2143,Windscreens and Fuselage,2023,13,2020,2020
2144,Znap,1998,19,1990,1995
2145,Znap,1999,3,1990,1995
